Surname,Name,Age,Ability,Position,Cross,Finish,Head,ShrtPass,Volley,Dribble,Curve,FK,LngPass,BallCtrl,Accel,Sprint,Agility,React,Balance,ShotPwr,Jump,Stamina,Strength,LngShots,Aggro,Intercept,Position,Vision,Penalty,Mark,StandTckl,SlideTckl,GKDive,GKHandle,GKKick,GKPos,GKReflex
Ronaldo,Cristiano Ronaldo,31,94,LW,84,93,87,82,88,93,81,77,72,92,91,92,90,96,63,94,95,92,80,92,63,29,94,85,85,86,22,31,23,7,11,15,14
Messi,L. Messi,29,93,RW,77,95,71,88,85,97,89,90,87,95,92,87,90,95,95,83,68,74,59,88,48,22,93,90,74,94,13,28,26,6,11,15,14
Neymar,Neymar,24,92,LW,75,89,62,81,83,96,78,79,75,95,93,90,96,88,82,78,61,70,49,77,56,36,90,80,81,80,21,24,33,9,9,15,15
Suarez,L. Suarez,29,92,ST,77,94,77,83,88,86,86,84,64,91,88,77,86,93,60,87,69,89,76,86,78,41,92,84,85,83,30,45,38,27,25,31,33
Neuer,M. Neuer,30,92,GK,15,13,25,55,11,30,14,11,59,48,58,61,52,85,35,25,78,44,83,16,29,30,12,70,47,70,10,10,11,89,90,95,91
De Gea,De Gea,25,90,GK,17,13,21,31,13,13,21,19,32,31,56,56,57,88,43,31,67,25,64,12,38,30,12,68,40,60,13,21,13,88,85,87,85
Lewandowski,R. Lewandowski,27,90,ST,62,91,85,83,86,85,77,68,65,87,79,82,78,88,79,86,84,79,84,82,80,39,89,78,78,87,25,42,19,15,6,12,8
Boateng,J. Boateng,27,90,CB,69,34,87,75,53,67,56,31,80,73,74,83,58,84,54,79,76,75,91,58,83,85,47,76,46,86,91,94,91,7,12,15,6
Bale,G. Bale,26,90,RW,87,87,82,86,76,89,86,85,80,88,93,95,77,87,65,91,79,78,80,90,65,59,86,79,76,85,51,55,52,15,15,11,5
Ibrahimovi?,Z Ibrahimovi?,34,90,ST,76,90,76,84,93,87,80,80,76,90,69,74,86,85,41,93,72,75,93,88,84,20,86,83,91,91,15,41,27,13,15,10,9
Courtois,T. Courtois,24,89,GK,14,14,13,32,12,13,19,11,31,23,46,52,61,81,45,36,68,38,70,17,23,15,13,44,27,52,11,18,16,84,91,69,86
Modric,L. Modric,30,89,CM,78,71,55,92,74,86,79,77,83,92,77,71,93,88,94,73,67,83,58,82,62,76,79,90,80,76,66,80,73,13,9,7,14
Ozil,M. Ozil,27,89,CAM,80,75,54,89,77,86,84,79,84,90,77,68,84,87,70,70,52,68,56,76,54,24,84,93,67,73,22,16,19,6,14,10,6
Silva,Thiago Silva,31,89,CB,60,38,82,79,63,68,61,73,81,80,72,76,75,84,68,78,93,74,81,71,77,91,59,74,71,80,90,91,89,9,12,5,9
Ramos,Sergio Ramos,30,89,CB,66,60,86,76,66,61,73,67,70,83,77,78,80,82,60,79,92,84,81,55,84,88,52,63,68,76,85,89,90,11,8,9,7
Aguero,S. Aguero,28,89,ST,70,90,68,79,85,89,82,72,63,89,92,86,86,88,90,87,80,74,73,84,57,24,91,83,83,90,13,20,12,13,15,6,11
Pogba,P. Pogba,23,88,CM,78,71,72,86,84,89,82,82,82,90,75,79,79,86,61,90,85,91,91,90,72,70,84,86,76,82,68,74,78,5,6,2,4
Griezmann,A. Griezmann,25,88,ST,82,88,80,79,87,87,84,75,75,86,87,86,90,90,80,81,83,75,61,82,69,35,91,76,71,81,23,22,11,14,8,14,13
Bruyne,K. De Bruyne,25,88,CAM,90,82,53,88,82,85,78,77,82,86,76,78,78,87,75,84,65,85,73,85,68,52,83,88,77,82,30,39,40,15,13,5,10
Reus,M. Reus,27,88,LM,83,83,51,86,88,86,90,84,79,85,89,91,87,87,82,87,70,72,64,85,47,50,86,84,84,82,30,36,46,12,12,13,13
Hazard,E. Hazard,25,88,LM,80,80,57,82,79,93,82,79,78,90,93,87,92,85,90,79,59,74,63,82,54,41,84,86,86,86,25,27,22,11,12,6,8
Kroos,T. Kroos,26,88,CM,84,75,54,89,82,78,84,83,93,85,55,37,70,85,62,87,34,78,74,88,60,77,76,88,73,85,63,75,65,10,11,13,7
Godin,D. Godin,30,88,CB,55,42,92,79,47,53,49,51,70,76,62,67,63,85,58,67,89,69,80,43,86,88,48,52,50,80,87,86,89,6,8,15,5
Lloris,H. Lloris,29,88,GK,13,10,10,27,11,10,11,10,31,34,65,63,55,84,54,23,74,41,43,14,31,27,10,30,40,64,12,10,18,87,87,68,82
Higuain,G. Higuain,28,88,ST,68,91,80,72,86,84,69,62,58,85,78,82,74,86,60,85,75,73,85,82,50,20,92,70,70,84,12,22,18,5,12,7,5
Chiellini,G. Chiellini,31,88,CB,56,33,80,55,45,56,60,31,55,55,69,78,61,78,69,78,89,69,91,49,90,88,28,50,50,78,92,92,90,3,3,2,4
Lahm,P. Lahm,32,88,RB,84,47,63,86,66,82,77,59,79,86,69,68,82,91,93,57,72,79,59,65,58,93,69,82,71,94,86,87,95,11,12,5,14
Pepe,Pepe,33,88,CB,46,46,82,67,23,58,44,47,61,58,65,75,63,84,49,63,76,64,84,56,94,88,40,48,57,68,88,89,90,8,15,5,9
Cech,P. Cech,34,88,GK,19,12,19,35,17,12,13,19,33,22,45,52,49,86,34,21,51,32,65,11,17,23,13,17,23,70,11,13,12,83,90,77,85
Buffon,G. Buffon,38,88,GK,13,15,13,37,17,26,20,13,35,28,49,43,55,80,49,39,75,39,69,13,38,28,12,50,22,80,10,11,11,87,88,68,90
Iniesta,Iniesta,32,88,CM,79,73,54,92,74,90,80,70,86,93,74,73,82,88,86,65,54,64,59,74,58,68,85,94,71,88,57,57,56,6,13,6,13
Oblak,J. Oblak,23,87,GK,13,11,15,29,13,12,13,14,26,16,43,60,67,84,49,22,76,41,78,12,44,19,11,55,11,55,14,12,18,83,90,77,87
Rodriguez,J. Rodriguez,24,87,CAM,88,82,62,84,91,87,87,86,80,85,77,75,82,84,73,86,54,68,70,91,65,55,83,88,81,81,25,42,30,15,15,15,5
Alaba,D. Alaba,24,87,LB,82,63,76,84,68,82,78,83,80,84,86,86,83,84,77,83,82,88,67,83,69,86,77,78,80,79,82,84,84,5,7,14,15
Muller,T. Muller,26,87,CF,74,89,82,81,83,75,81,59,68,82,76,79,77,92,72,77,81,90,68,80,57,58,96,81,60,83,31,41,44,6,7,11,14
Busquets,Sergio Busquets,27,87,CDM,62,60,68,89,44,74,66,68,79,82,53,33,58,83,55,61,66,88,77,54,86,87,77,85,60,82,83,86,80,5,8,13,9
Sanchez,A. Sanchez,27,87,LW,80,83,65,80,78,89,78,78,73,86,88,84,90,84,87,82,85,85,66,80,80,42,85,82,77,82,30,39,35,10,10,15,12
Bonucci,L. Bonucci,29,87,CB,44,37,84,75,55,68,56,61,83,75,64,74,60,84,54,74,85,73,85,65,82,90,38,74,70,82,84,88,88,2,2,3,2
Maria,A. Di Maria,28,87,RW,90,75,53,83,77,87,83,72,82,87,86,88,90,81,79,87,72,78,64,79,76,38,83,85,73,82,37,59,56,10,7,11,12
Vidal,A. Vidal,29,87,CM,76,77,81,84,78,76,76,68,82,83,79,76,75,89,77,84,82,93,77,85,91,89,80,80,84,86,76,89,84,4,2,4,2
Hummels,M. Hummels,27,87,CB,64,55,90,77,60,68,65,53,82,77,62,65,64,85,58,71,68,67,86,51,67,90,56,79,68,91,85,91,86,15,6,10,5
Rakitic,I. Rakitic,28,87,CM,81,83,49,87,80,84,88,84,92,87,67,65,71,79,66,84,51,76,63,88,67,69,80,87,78,81,52,65,53,14,11,12,5
Silva,David Silva,30,87,CAM,85,70,54,91,80,85,83,77,78,90,72,65,92,84,88,71,66,68,56,74,51,41,81,92,77,92,23,30,29,1,1,1,1
Benzema,K. Benzema,28,87,ST,75,88,78,86,79,83,79,73,47,87,79,82,77,83,60,83,70,74,78,78,65,22,87,85,82,82,13,15,12,13,11,5,5
Handanovic,S. Handanovic,31,87,GK,12,10,10,36,12,18,12,14,34,24,54,57,42,83,36,22,78,41,71,19,25,22,12,41,23,72,17,10,13,86,89,69,86
Robben,A. Robben,32,87,RM,80,84,51,84,86,91,86,83,71,89,87,86,89,87,91,86,61,68,65,88,47,39,85,83,80,86,29,26,26,10,8,11,5
Leno,B. Leno,24,86,GK,9,9,13,37,10,16,9,8,33,22,46,52,52,81,44,23,73,43,68,14,28,22,7,53,23,62,8,15,18,85,86,80,86
Alba,Jordi Alba,27,86,LB,83,73,63,79,60,80,77,64,70,84,93,93,90,82,86,64,81,90,66,66,75,83,77,68,59,75,81,84,83,13,15,13,6
Aubameyang,P. Aubameyang,27,86,ST,77,88,78,77,84,81,78,74,64,81,95,96,80,86,66,79,76,79,77,78,45,48,87,77,84,79,28,25,36,6,9,15,9
Payet,D. Payet,29,86,LM,87,76,59,87,79,88,90,91,85,90,79,75,78,76,80,78,48,74,76,83,57,42,80,88,76,86,29,48,45,11,15,9,14
Marcelo,Marcelo,28,86,LB,87,67,70,81,54,83,80,67,76,87,77,80,77,85,82,83,77,82,77,66,84,83,69,75,59,76,80,84,87,12,5,5,5
Marchisio,C. Marchisio,30,86,CM,76,65,68,87,76,82,78,78,85,85,77,77,81,86,76,82,67,82,72,82,78,82,82,84,78,84,72,78,78,4,3,4,2
Matuidi,B. Matuidi,29,86,CDM,75,65,73,84,72,73,65,52,79,79,79,79,77,86,79,74,83,94,78,66,85,87,70,77,56,85,83,85,83,8,11,5,10
Miranda,Miranda,31,86,CB,48,43,84,65,51,62,32,39,65,67,74,76,62,82,58,70,82,65,81,41,83,88,43,53,49,80,89,90,89,12,6,10,13
Fabregas,Cesc Fabregas,29,86,CM,86,76,74,92,81,80,77,81,91,87,65,62,65,83,77,77,68,80,64,75,45,50,80,91,80,92,62,63,62,6,10,8,15
Ribery,F. Ribery,33,86,LM,81,76,41,86,80,90,83,81,75,90,85,79,90,86,91,76,50,64,60,73,52,36,81,86,80,86,13,25,26,15,6,9,7
Pique,Pique,29,86,CB,57,64,82,83,57,59,58,43,80,76,54,67,58,81,44,62,74,69,83,51,68,88,58,62,69,76,86,87,84,10,11,14,15
Cazorla,Santi Cazorla,31,86,CAM,85,77,58,86,72,86,86,78,84,87,77,66,85,85,91,78,71,72,60,82,64,55,82,85,80,88,56,62,48,6,9,5,7
Kompany,V. Kompany,30,86,CB,61,45,84,65,46,64,61,52,66,68,68,69,60,84,42,76,73,68,88,55,81,78,41,59,63,85,86,90,87,10,9,5,8
Barzagli,A. Barzagli,35,86,CB,40,27,76,65,35,60,50,31,65,65,69,79,60,82,64,54,85,66,87,39,74,92,28,58,60,82,90,90,90,4,2,4,2
Dybala,P. Dybala,22,85,ST,78,89,64,78,82,90,86,82,58,91,91,85,91,82,85,80,75,81,65,86,48,24,85,79,82,82,14,20,20,5,4,4,5
Mahrez,R. Mahrez,25,85,RM,83,80,45,80,71,89,78,70,76,88,86,79,92,75,80,76,59,76,57,74,39,38,81,83,71,82,25,27,21,15,9,13,11
Verratti,M. Verratti,23,85,CM,72,52,55,90,64,88,73,64,87,85,72,64,87,87,94,66,64,77,56,58,89,83,71,84,64,89,78,82,74,12,12,15,15
Lacazette,A. Lacazette,25,85,ST,70,86,76,80,82,85,74,73,68,83,84,87,87,84,84,81,78,80,77,74,70,40,86,77,82,86,23,29,30,11,6,9,5
Navas,K. Navas,29,85,GK,11,15,11,30,11,16,11,15,37,19,61,52,70,82,60,21,84,41,65,13,32,20,16,54,25,49,12,14,14,87,82,72,80
Mkhitaryan,H. Mkhitaryan,27,85,RM,80,73,53,85,81,86,83,64,73,89,84,82,88,83,83,87,72,85,63,75,69,68,83,85,72,67,49,53,55,5,11,14,5
Otamendi,N. Otamendi,28,85,CB,52,53,86,64,56,41,50,39,66,60,68,75,71,79,62,69,90,78,82,56,85,86,49,45,44,76,83,86,86,12,5,8,11
Pastore,J. Pastore,27,85,CM,78,75,63,87,78,89,83,69,83,87,72,75,85,84,58,78,49,75,68,78,65,69,81,88,75,75,49,59,51,14,9,6,10
Coutinho,Coutinho,24,85,CAM,74,70,47,85,75,87,84,74,78,88,89,77,91,75,91,79,59,73,56,80,35,30,76,87,64,79,24,38,35,12,7,9,14
Gundogan,I. Gundogan,25,85,CM,74,67,49,90,75,87,81,74,83,88,77,74,85,87,83,77,62,73,74,74,68,79,77,87,76,86,57,64,64,11,14,5,5
Gaitin,N. Gaitin,28,85,LM,86,73,54,84,81,87,88,72,78,86,85,80,89,84,81,72,68,71,50,74,57,40,79,85,71,84,30,42,43,8,11,9,7
Alderweireld,T. Alderweireld,27,85,CB,64,45,82,77,38,61,63,69,81,70,63,69,60,84,49,86,82,75,81,66,79,86,56,60,60,80,85,88,83,16,6,14,16
Willian,Willian,27,85,RM,75,75,29,82,59,87,80,85,77,86,92,86,87,81,82,71,46,86,61,80,44,55,78,83,60,74,43,62,51,14,12,13,7
Pjanic,M. Pjanic,26,85,CM,80,70,60,89,71,83,86,91,85,89,74,74,78,84,78,79,61,79,65,84,62,68,76,88,79,84,58,68,64,7,7,13,7
Costa,Diego Costa,27,85,ST,63,88,82,65,81,79,58,59,48,82,73,76,58,84,52,83,60,85,91,69,93,40,88,74,76,84,28,39,34,11,13,12,8
Cavani,E. Cavani,29,85,ST,70,84,88,75,84,80,75,74,50,79,74,78,82,84,59,85,88,90,74,78,82,48,87,77,82,79,24,45,27,12,5,13,13
Bravo,C. Bravo,33,85,GK,12,13,18,32,11,13,25,60,31,15,58,54,64,80,64,22,81,44,70,21,40,23,15,71,23,60,11,18,19,83,85,87,78
Hamsik,M. Hamsik,28,85,CM,78,78,74,87,79,83,80,72,81,86,75,77,76,85,63,76,72,79,69,79,56,68,84,86,70,77,56,69,56,8,6,4,14
Ruffier,S. Ruffier,29,85,GK,11,11,12,33,13,12,17,12,34,15,45,50,51,77,55,21,72,37,76,11,31,25,12,49,25,57,11,12,11,82,83,77,83
Koscielny,L. Koscielny,30,85,CB,54,32,84,75,35,62,22,49,67,67,79,78,70,78,62,54,86,73,75,47,90,85,31,56,51,77,83,87,85,13,11,9,11
Luis,Filipe Luis,30,85,LB,84,59,68,78,56,77,74,75,77,81,77,83,74,83,60,71,62,91,74,60,81,82,71,70,65,78,85,83,86,11,15,9,9
Mandanda,S. Mandanda,31,85,GK,14,13,13,31,13,11,13,12,28,12,53,43,52,81,36,24,74,31,61,11,37,23,11,51,11,63,10,12,13,86,80,79,81
Alves,Dani Alves,33,85,RB,80,60,71,80,68,81,77,74,76,85,84,89,81,82,80,87,78,78,57,77,85,83,63,67,70,80,70,83,86,5,11,9,6
Mascherano,J. Mascherano,32,85,CB,63,42,68,79,51,58,63,50,75,82,67,65,71,83,78,76,75,86,74,55,89,92,51,68,60,86,84,87,85,6,10,8,5
Laporte,A. Laporte,22,84,CB,58,45,85,73,40,55,62,77,78,71,58,71,49,82,55,70,77,73,84,47,72,85,54,52,35,68,86,88,85,10,11,5,14
Gomes,Andre Gomes,22,84,CM,61,68,69,88,63,86,82,68,85,85,72,66,68,82,64,80,58,77,85,73,81,76,77,83,55,78,65,77,64,12,9,6,14
Bacca,C. Bacca,29,84,ST,60,88,74,72,82,82,70,58,50,81,85,85,81,82,75,78,77,74,76,70,68,34,87,66,76,80,12,16,14,12,12,8,5
Carvalho,William Carvalho,24,84,CDM,57,55,74,83,56,78,62,44,85,79,53,54,49,75,46,65,67,87,88,64,80,86,65,77,56,87,78,87,75,6,6,5,14
Draxler,J. Draxler,22,84,CAM,78,77,65,84,84,88,78,72,75,85,77,77,83,83,75,84,76,69,67,83,48,36,80,81,63,78,25,35,26,11,13,5,13
Kane,H. Kane,22,84,ST,69,88,82,75,70,77,71,66,63,82,69,77,74,84,62,85,70,84,84,78,74,35,85,72,82,83,41,36,38,8,10,11,14
Varane,R. Varane,23,84,CB,36,40,83,72,42,57,46,54,74,75,76,78,58,79,47,52,74,70,84,53,73,85,44,56,43,66,84,86,85,11,11,9,5
Xhaka,G. Xhaka,23,84,CM,68,49,62,85,50,70,68,70,89,80,48,54,55,86,62,88,33,79,76,85,89,76,78,86,59,73,71,75,69,7,8,11,7
Isco,Isco,24,84,CAM,72,76,55,84,64,87,86,74,77,89,76,69,83,78,82,72,64,69,59,80,58,48,77,84,76,76,25,43,37,10,8,12,15
Krychowiak,G. Krychowiak,26,84,CDM,59,42,83,81,40,63,46,62,85,77,66,73,59,80,52,81,75,79,92,70,89,85,52,73,78,83,75,87,72,15,14,8,6
Koke,Koke,24,84,CM,84,71,62,85,56,80,85,76,87,86,74,69,77,84,78,84,61,81,75,81,68,58,80,89,59,67,50,57,51,14,12,5,10
Manolas,K. Manolas,25,84,CB,27,10,80,60,16,54,30,10,61,65,81,80,69,80,60,43,86,79,82,12,86,85,25,22,26,71,88,86,87,8,6,8,15
Lukaku,R. Lukaku,23,84,ST,68,84,83,67,73,76,64,66,58,78,76,86,62,77,48,88,71,80,93,76,72,27,84,69,80,80,27,30,30,8,15,14,7
Gotze,M. Gotze,24,84,CAM,77,75,49,85,87,90,80,73,60,90,73,67,86,83,84,68,62,65,65,56,48,53,82,82,65,83,16,29,23,14,7,12,6
Matic,N. Matic,27,84,CDM,68,64,77,82,74,72,68,67,80,79,66,68,57,82,53,78,71,90,90,75,83,86,68,77,69,85,76,84,78,7,15,12,14
Sandro,Alex Sandro,25,84,LB,86,57,68,77,66,82,76,59,69,81,84,90,79,80,76,76,75,91,71,68,70,82,72,70,59,80,76,82,82,7,7,9,12
Costa,Douglas Costa,25,84,LM,78,72,58,80,73,86,81,78,72,84,96,88,90,79,88,87,61,77,60,85,55,43,78,80,77,73,41,58,44,13,15,9,12
Eriksen,C. Eriksen,24,84,CAM,84,75,52,85,69,84,85,87,82,86,78,74,77,81,81,78,57,87,52,79,44,45,79,85,67,82,38,54,22,9,14,7,7
Smalling,C. Smalling,26,84,CB,52,50,86,66,54,61,49,22,63,64,76,77,60,83,48,42,75,79,88,35,84,83,48,49,52,80,84,85,83,10,15,16,15
Thiago,Thiago,25,84,CM,72,69,58,88,90,90,83,77,83,88,77,68,90,81,85,75,72,69,59,81,57,65,81,84,75,76,49,58,59,6,11,7,9
Ramsey,A. Ramsey,25,84,CM,75,76,58,85,79,81,70,70,80,84,69,69,77,82,75,81,65,92,69,75,74,73,83,81,75,80,62,74,68,6,11,5,10
Toprak,O. Toprak,26,84,CB,49,28,84,75,55,64,44,33,69,72,75,77,65,82,61,63,82,68,79,36,74,85,35,59,48,78,87,86,84,11,8,11,12
Azpilicueta,Azpilicueta,26,84,LB,79,46,69,80,54,70,66,58,74,77,79,79,75,87,73,68,74,88,72,60,76,81,64,68,66,66,86,87,86,13,9,10,6
Luiz,David Luiz,29,84,CB,68,56,83,78,67,66,70,76,76,79,72,73,74,79,56,74,82,77,77,71,84,80,54,68,75,66,81,85,84,11,12,10,7
Howedes,B. Howedes,28,84,CB,58,48,83,74,38,60,38,52,64,70,63,67,65,82,61,62,82,69,81,31,79,85,51,57,56,82,85,84,84,14,6,9,10
Fuhrmann,R. Fuhrmann,27,84,GK,14,11,14,25,11,15,18,11,26,24,38,47,39,84,36,24,72,32,79,9,36,23,11,42,21,61,12,12,10,83,86,51,85
Banega,E. Banega,28,84,CAM,80,67,45,88,65,81,83,81,85,85,73,69,84,84,86,74,59,69,67,77,77,70,79,88,67,82,57,75,61,13,8,7,7
Nainggolan,R. Nainggolan,28,84,CM,73,75,59,83,75,80,73,68,80,83,81,78,81,85,84,83,76,94,78,83,87,86,83,76,63,84,78,85,87,11,11,14,8
Mata,Juan Mata,28,84,CAM,83,77,63,86,71,83,83,83,77,86,75,63,89,85,89,74,72,74,43,70,52,39,82,87,81,85,25,28,21,9,10,14,5
Patricio,Rui Patricio,28,84,GK,12,12,11,31,17,20,10,16,30,23,53,57,61,80,54,38,79,45,77,11,39,22,13,63,32,53,13,13,11,85,81,80,82
Sommer,Y. Sommer,27,84,GK,13,13,10,40,8,15,12,13,31,25,48,54,55,80,58,23,69,45,68,12,38,21,15,58,24,57,11,19,12,83,82,85,80
Martinez,Javi Martinez,27,84,CB,60,55,86,76,61,62,61,45,76,71,49,54,54,82,58,76,70,62,84,63,87,84,57,74,52,83,80,86,87,5,12,9,11
Jonas,Jonas,32,84,ST,74,87,82,78,85,84,85,77,73,88,73,71,82,85,67,80,69,74,61,84,61,34,87,83,83,83,23,36,25,12,11,7,8
Sokratis,Sokratis,28,84,CB,47,44,84,64,46,58,37,35,61,58,72,83,63,79,67,79,83,74,86,44,85,78,50,52,38,80,87,88,86,6,8,5,12
Naldo,Naldo,33,84,CB,45,57,93,74,60,60,52,76,70,68,67,76,53,83,42,92,43,62,84,82,73,88,53,59,60,84,83,86,85,14,10,14,8
Sturridge,D. Sturridge,26,84,ST,62,85,73,75,76,84,62,68,62,81,88,89,78,82,64,83,74,72,73,83,60,22,84,74,75,81,15,24,12,7,15,9,5
Garay,E. Garay,29,84,CB,62,48,86,72,46,62,55,74,75,73,50,54,57,77,38,76,71,80,85,60,74,87,49,63,66,81,88,87,82,14,6,13,13
Arfa,H. Ben Arfa,29,84,CAM,78,82,65,79,75,91,80,75,78,86,84,80,85,75,79,83,77,75,75,82,67,40,74,81,87,79,33,43,23,12,8,9,13
Hart,J. Hart,29,84,GK,14,14,10,32,19,23,17,13,35,20,59,60,50,77,32,65,72,28,61,19,28,25,14,42,68,66,14,14,13,84,81,75,82
Turan,A. Turan,29,84,CM,82,72,70,85,80,87,81,64,81,88,78,68,86,81,77,73,79,74,70,77,80,61,82,86,73,83,54,63,65,11,7,11,12
Aduriz,Aduriz,35,84,ST,54,85,94,71,84,79,61,54,52,80,69,71,53,85,57,83,93,66,82,80,82,23,86,73,75,87,46,44,49,14,10,9,15
Rooney,W. Rooney,30,84,CAM,78,84,76,79,85,77,84,84,85,83,69,73,77,83,77,86,81,87,84,84,89,54,85,83,81,89,48,54,37,10,11,13,8
Alonso,Xabi Alonso,34,84,CDM,79,56,72,91,71,75,82,84,92,83,32,33,54,82,67,83,46,63,74,82,78,86,77,87,80,83,70,77,71,7,8,10,10
Reina,Jose Reina,33,84,GK,11,14,13,19,11,10,11,11,22,23,50,63,50,82,60,24,73,34,72,15,32,22,13,65,24,60,12,22,24,80,85,82,84
Toure,Y. Toure,33,84,CM,67,82,74,86,68,79,80,85,83,82,69,78,60,82,55,86,65,80,91,85,78,60,80,85,85,83,63,76,75,13,14,6,12
Terry,J. Terry,35,84,CB,42,46,90,66,55,45,44,31,64,60,33,34,44,84,46,61,80,67,86,33,80,86,38,59,52,84,86,86,84,14,5,6,15
Slimani,I. Slimani,28,83,ST,58,81,92,73,79,74,73,47,59,76,69,76,66,84,57,78,87,91,86,73,88,54,87,72,72,79,34,48,24,10,9,6,15
Gimenez,J. Gimenez,21,83,CB,47,37,78,68,30,47,36,44,58,56,68,70,57,76,51,72,90,70,86,48,89,83,24,27,38,60,85,86,87,9,11,7,10
Carvajal,Carvajal,24,83,RB,81,41,63,79,34,76,72,47,71,83,78,85,82,81,79,64,76,84,75,36,81,82,61,57,45,69,84,83,85,13,13,15,9
Bellarabi,K. Bellarabi,26,83,RM,78,75,48,81,72,87,70,58,62,84,91,90,87,81,78,85,75,76,65,78,49,38,80,79,57,72,28,30,33,10,12,7,11
Konoplyanka,Y. Konoplyanka,26,83,LM,79,80,49,82,67,86,83,80,81,85,93,88,81,76,78,77,66,66,58,84,48,37,75,79,75,77,21,38,31,5,11,15,9
Nolito,Nolito,29,83,LW,81,82,45,80,65,85,83,80,67,83,79,76,84,84,81,74,63,74,62,81,73,58,82,81,74,82,30,39,25,10,15,12,8
Lopes,A. Lopes,25,83,GK,19,18,16,32,13,15,15,14,31,21,60,64,65,85,62,20,85,33,65,18,35,25,17,52,16,55,13,15,13,86,79,76,77
Insigne,L. Insigne,25,83,LW,81,70,56,80,74,87,78,75,72,89,93,85,95,79,93,68,55,77,44,78,34,26,82,82,61,72,16,24,22,8,4,14,9
Perin,M. Perin,23,83,GK,11,11,12,33,19,19,15,13,31,23,57,56,70,79,30,23,75,30,52,17,25,19,12,44,21,58,14,12,19,80,85,71,78
Aurier,S. Aurier,23,83,RB,80,65,77,79,50,76,69,30,71,79,84,85,76,82,78,78,93,87,84,58,81,79,74,71,66,75,80,82,83,7,10,15,16
Medel,G. Medel,28,83,CDM,55,31,68,78,61,68,35,45,76,74,77,76,78,84,92,65,92,93,81,59,89,86,58,72,62,78,79,84,84,14,7,9,6
Rodriguez,R. Rodriguez,23,83,LB,90,59,68,80,67,78,82,84,80,80,73,74,75,82,73,78,75,76,73,72,79,82,68,74,83,81,79,82,85,14,13,14,14
Subatic,D. Subatic,31,83,GK,11,10,13,24,13,11,24,66,26,19,51,54,42,78,37,24,75,32,80,14,31,20,15,52,23,65,15,14,13,82,78,79,81
Stegen,M. ter Stegen,24,83,GK,15,14,10,30,14,17,18,12,38,18,38,50,37,80,43,22,82,35,79,10,43,22,11,57,25,66,10,13,10,84,81,83,78
Mustafi,S. Mustafi,24,83,CB,51,58,80,77,51,49,55,47,69,70,67,73,66,81,69,66,85,73,81,52,79,85,50,52,54,70,82,83,85,11,9,15,10
Glik,K. Glik,28,83,CB,29,11,84,59,17,51,35,26,59,59,56,63,33,76,55,57,79,69,88,20,86,86,24,23,39,73,86,84,80,10,14,5,8
Pedro,Pedro,28,83,LM,78,80,55,83,70,84,81,57,70,85,86,78,84,83,82,71,67,78,56,73,56,49,84,74,66,72,30,32,31,5,11,12,15
Kagawa,S. Kagawa,27,83,CAM,60,77,44,83,75,87,74,63,75,84,85,74,92,83,92,47,67,80,39,60,30,56,82,80,78,80,30,24,27,11,9,8,9
Trapp,K. Trapp,25,83,GK,13,13,11,25,12,10,14,12,12,24,45,52,42,81,37,22,76,45,73,13,30,22,12,45,17,48,10,14,10,83,79,79,80
Oscar,Oscar,24,83,CAM,70,75,54,83,63,82,77,77,80,84,78,77,86,81,80,76,66,76,36,77,31,34,81,83,68,79,37,50,47,12,10,15,12
Musacchio,M. Musacchio,25,83,CB,55,48,81,78,36,43,53,45,70,73,60,65,73,81,59,57,83,68,79,53,78,85,50,64,57,70,85,84,86,5,11,12,6
Gustavo,Luiz Gustavo,28,83,CDM,61,46,75,80,54,69,42,45,78,74,68,67,66,83,62,80,75,83,80,71,88,85,51,69,58,72,79,87,88,10,6,11,12
Giovinco,S. Giovinco,29,83,CF,72,81,37,78,70,86,86,86,70,87,90,88,93,81,93,78,53,75,48,80,73,26,83,85,75,88,23,23,28,6,3,6,3
Brahimi,Y. Brahimi,26,83,LW,75,73,46,79,73,90,83,78,71,85,88,75,93,84,87,69,72,74,50,76,46,38,77,80,75,86,24,36,25,13,16,12,7
Bruno,Bruno,32,83,CM,58,66,61,86,48,74,72,77,84,82,52,52,53,84,59,84,66,74,77,81,79,85,69,81,75,86,70,84,85,13,10,9,11
Muslera,F. Muslera,30,83,GK,15,10,12,44,10,25,14,10,47,23,60,63,68,78,62,25,84,45,68,10,32,23,13,58,24,63,17,16,16,83,78,75,79
Mandzukic,M. Mandzukic,30,83,ST,56,85,90,71,85,73,53,45,41,77,68,72,60,86,54,78,85,79,87,57,88,40,89,62,76,80,28,40,48,10,8,5,8
Perisic,I. Perisic,27,83,LM,83,77,78,80,80,83,73,76,72,82,82,86,78,80,67,83,82,85,77,80,59,42,82,78,76,80,26,45,45,6,7,10,9
Khedira,S. Khedira,29,83,CM,72,70,76,83,76,78,68,68,79,79,64,68,58,86,55,84,69,79,91,80,82,86,80,80,69,84,76,86,78,11,9,5,15
Giroud,O. Giroud,29,83,ST,63,84,86,76,81,69,70,65,56,82,63,64,60,83,52,84,82,79,88,76,76,41,84,75,81,78,26,37,20,12,15,11,6
Hernandez,J. Hernandez,28,83,ST,62,89,82,70,79,76,67,52,55,79,87,79,79,82,84,76,85,75,58,69,59,26,88,72,80,81,22,29,25,14,12,9,12
Benatia,M. Benatia,29,83,CB,45,49,85,66,31,57,34,27,62,66,64,70,58,81,54,59,79,69,86,24,84,78,39,47,41,77,84,85,84,7,4,8,7
Bender,L. Bender,27,83,CDM,69,59,78,80,57,73,49,47,74,76,66,69,65,82,66,74,77,92,76,71,78,87,69,76,52,83,77,85,82,12,6,7,12
Gameiro,K. Gameiro,29,83,ST,70,87,67,79,79,77,76,69,71,81,80,78,83,85,77,84,84,70,64,78,66,38,87,76,87,85,23,34,38,6,10,8,8
Mertens,D. Mertens,29,83,LW,76,71,35,79,70,87,80,77,74,87,92,86,93,77,92,80,60,76,42,80,59,36,76,80,78,75,30,40,40,7,10,8,10
Vertonghen,J. Vertonghen,29,83,CB,68,60,82,75,52,66,58,73,74,74,69,66,62,80,55,86,80,79,81,68,83,83,65,62,68,82,81,85,81,6,10,9,12
Begovic,A. Begovic,29,83,GK,14,12,12,26,12,16,17,15,32,24,52,58,53,79,41,28,38,36,80,12,42,21,11,31,40,62,13,11,12,83,81,74,80
Fonte,Jose Fonte,32,83,CB,36,40,77,63,34,59,33,32,54,64,55,54,62,84,56,29,73,69,83,29,84,85,40,55,43,62,84,85,84,7,11,16,10
Alves,Diego Alves,31,83,GK,24,20,20,33,25,14,24,21,33,15,55,54,69,80,57,24,84,43,67,22,44,19,13,64,24,70,14,13,15,88,76,76,77
Cahill,G. Cahill,30,83,CB,28,56,86,65,47,58,48,27,61,63,69,66,62,84,51,63,82,68,78,66,78,83,45,56,53,77,83,85,84,5,12,9,5
Williams,A. Williams,31,83,CB,32,37,79,72,34,57,34,23,74,69,68,72,58,81,59,64,86,73,86,40,83,83,28,53,45,80,81,85,80,7,10,16,7
Diarra,L. Diarra,31,83,CDM,68,38,59,80,37,78,57,41,77,80,79,76,81,81,87,76,77,90,67,67,84,86,50,73,49,88,80,85,80,9,5,12,10
Baines,L. Baines,31,83,LB,91,70,74,81,63,77,81,82,74,76,76,75,75,80,85,84,72,86,69,75,74,80,75,76,90,81,81,82,82,8,15,10,13
Consigli,A. Consigli,29,83,GK,10,10,10,31,19,10,15,15,27,23,48,34,57,75,40,24,80,31,51,19,11,15,10,46,21,50,12,17,19,84,84,72,81
Moutinho,Joao Moutinho,29,83,CAM,78,73,68,86,77,81,82,79,83,84,75,67,82,84,84,77,79,91,58,82,77,75,76,84,70,87,67,75,68,13,15,15,13
Valero,Borja Valero,31,83,CAM,78,69,60,89,70,84,78,76,86,88,76,68,80,84,82,72,68,76,66,72,52,70,75,86,72,80,58,66,62,5,4,10,8
Juanfran,Juanfran,31,83,RB,83,54,53,74,49,77,80,59,66,79,78,89,75,82,62,68,68,92,74,53,78,78,68,72,66,64,82,84,80,11,14,10,15
Tevez,C. Tevez,32,83,ST,73,84,58,81,82,85,79,78,70,86,82,80,82,88,88,86,72,79,79,81,86,34,84,78,77,90,39,51,50,4,2,3,2
Rodriguez,G. Rodriguez,32,83,CB,38,44,86,72,22,62,50,46,76,72,68,68,64,80,60,68,86,66,80,36,80,86,32,64,74,76,84,86,82,12,4,11,12
Enyeama,V. Enyeama,33,83,GK,10,19,10,39,11,11,14,71,28,23,50,54,60,77,59,35,80,35,71,10,39,21,10,58,75,24,12,12,11,78,80,77,78
Sneijder,W. Sneijder,32,83,CAM,83,72,32,86,80,83,88,85,83,85,72,73,83,76,85,87,27,63,57,84,65,45,74,85,76,83,32,41,37,9,5,13,11
Nani,Nani,29,83,LW,82,75,46,81,75,87,86,79,79,86,86,79,92,80,77,85,46,75,62,83,62,31,77,80,72,79,15,22,20,5,10,13,6
Schweinsteiger,B. Schweinsteiger,31,83,CM,78,70,78,84,82,74,82,78,84,81,50,52,67,85,63,82,80,61,77,80,80,84,80,85,83,88,68,74,75,14,14,13,13
Toulalan,J. Toulalan,32,83,CDM,68,27,70,82,27,69,53,56,81,79,52,49,57,81,64,78,71,88,79,72,82,88,68,79,56,86,68,87,75,12,6,15,5
Lichtsteiner,S. Lichtsteiner,32,83,RB,82,45,72,77,62,76,68,66,71,75,78,84,75,80,77,74,75,88,75,71,84,82,68,62,66,80,76,82,82,4,3,2,3
Mertesacker,P. Mertesacker,31,83,CB,38,36,87,67,30,39,39,45,58,65,26,28,29,84,28,71,32,64,87,25,69,88,43,58,42,87,88,88,84,12,13,5,12
Rossi,D. De Rossi,32,83,CDM,57,50,81,82,74,64,62,71,82,78,69,69,69,80,72,81,78,79,84,74,84,87,55,72,75,80,75,84,82,10,7,13,10
Danny,Danny,32,83,CAM,73,75,47,82,68,85,82,72,80,84,83,83,84,76,75,71,70,72,56,73,73,41,78,84,67,83,23,33,32,7,11,6,11
Quaresma,Quaresma,32,83,RM,88,70,41,79,80,89,92,78,75,87,85,83,89,78,84,83,63,68,54,83,62,24,75,80,74,79,10,17,13,12,14,10,5
Bailly,E. Bailly,22,82,CB,41,33,74,71,36,52,42,43,56,63,79,83,67,74,65,55,84,81,82,48,86,84,36,35,46,43,82,83,86,14,14,10,9
Sportiello,M. Sportiello,24,82,GK,13,18,18,32,12,19,14,21,19,22,48,38,55,76,58,19,68,37,66,17,23,29,18,44,21,49,19,17,13,84,80,72,79
Rulli,G. Rulli,24,82,GK,12,15,12,32,16,15,19,20,23,15,54,48,57,77,50,24,68,42,73,17,26,21,12,58,24,30,16,13,17,85,79,70,80
Martial,A. Martial,20,82,LM,72,82,72,75,74,89,75,54,58,84,92,91,86,81,85,84,81,80,80,71,62,42,80,70,71,80,35,39,38,9,8,8,15
Berardi,D. Berardi,21,82,RW,76,80,62,75,78,86,72,74,75,86,87,88,87,75,73,81,66,80,65,80,80,26,81,77,84,71,22,30,30,5,6,5,5
Vardy,J. Vardy,29,82,ST,63,84,64,66,76,76,59,48,48,76,94,93,77,84,79,85,70,90,69,68,92,51,86,72,76,78,52,56,54,15,14,7,15
Carrasco,Y. Carrasco,22,82,LM,80,72,53,77,68,85,81,78,72,82,87,89,91,78,71,84,68,74,59,75,61,13,77,74,74,66,19,39,26,9,11,9,10
Marquinhos,Marquinhos,22,82,CB,72,33,78,77,31,65,49,32,73,76,73,73,68,79,68,53,84,74,74,35,80,84,46,51,31,77,84,85,86,6,6,12,10
Vazquez,F. Vazquez,27,82,CAM,73,77,68,83,79,88,82,68,74,89,62,67,71,81,48,74,54,74,78,83,80,54,74,84,67,85,33,40,37,14,15,13,9
Umtiti,S. Umtiti,22,82,CB,69,51,72,78,70,69,72,63,71,73,74,75,68,75,66,83,87,80,76,74,79,86,58,56,61,66,80,85,83,15,10,14,12
Savic,S. Savic,25,82,CB,35,34,81,67,27,47,34,28,69,66,60,65,60,78,54,43,85,62,77,31,83,84,29,41,37,75,85,82,84,14,13,14,13
Karius,L. Karius,23,82,GK,14,18,14,35,14,16,12,14,37,23,48,50,51,83,43,20,74,36,55,16,18,13,8,45,19,37,13,11,13,84,76,80,80
Florenzi,A. Florenzi,25,82,RB,77,76,70,82,87,79,73,79,75,83,86,84,87,79,84,82,74,92,68,82,79,76,82,75,76,79,73,79,77,9,8,10,11
Butland,J. Butland,23,82,GK,11,16,12,36,12,21,12,14,40,26,51,48,58,73,55,29,61,42,59,13,32,27,16,34,42,59,16,13,11,81,83,73,79
Sterling,R. Sterling,21,82,LM,71,73,38,77,59,86,64,49,67,84,94,92,90,79,91,68,60,75,64,70,34,26,81,76,63,74,48,58,54,15,12,12,15
Firmino,Roberto Firmino,24,82,CF,70,82,71,82,78,87,78,67,74,83,79,79,82,80,78,79,81,79,71,79,64,33,81,83,72,76,24,52,31,8,11,9,6
Icardi,M. Icardi,23,82,ST,43,88,79,69,80,74,58,45,47,78,77,79,75,82,76,80,90,68,75,69,35,22,87,58,74,74,17,21,21,13,9,5,7
Morata,Morata,23,82,ST,73,81,75,74,80,82,76,44,51,83,79,86,59,80,56,78,79,68,82,74,54,24,83,76,72,78,14,14,20,4,5,4,4
Koulibaly,K. Koulibaly,25,82,CB,30,19,78,57,14,54,28,28,48,57,69,78,53,79,48,55,78,75,93,15,86,81,24,34,33,67,83,83,82,7,11,7,13
Lucas,Lucas,23,82,RW,76,72,50,78,70,88,69,74,74,84,95,91,93,75,85,79,71,69,56,73,67,50,79,73,75,79,39,43,48,9,10,14,7
Pereira,Danilo Pereira,24,82,CDM,46,50,82,79,50,75,40,53,75,77,67,68,65,76,60,80,63,87,88,62,89,84,63,65,40,82,80,86,81,9,7,13,14
Horn,T. Horn,23,82,GK,19,13,14,35,14,20,12,15,32,22,45,51,50,80,31,22,64,31,67,17,41,22,15,55,21,20,11,13,12,80,80,83,82
Casemiro,Casemiro,24,82,CDM,52,59,74,81,53,69,59,74,80,78,59,62,66,78,57,86,87,85,82,75,87,84,66,68,66,73,72,86,81,13,14,16,12
Vitolo,Vitolo,26,82,RM,82,79,65,81,55,86,71,62,79,84,77,78,72,80,63,70,58,72,75,73,62,25,81,79,74,66,25,21,23,11,16,8,14
Vrij,S. de Vrij,24,82,CB,49,25,76,70,27,61,45,16,71,72,69,66,62,78,60,65,71,55,78,60,75,86,32,50,41,82,85,86,82,8,10,7,14
Matip,J. Matip,24,82,CB,54,36,88,77,50,68,63,22,77,71,67,77,58,81,50,66,65,75,79,48,70,84,51,72,42,79,85,84,78,11,15,10,7
Lovren,D. Lovren,26,82,CB,59,33,75,70,42,64,26,18,68,67,61,55,54,75,41,63,80,70,85,34,87,81,21,56,52,75,82,85,86,14,14,13,10
Shaqiri,X. Shaqiri,24,82,RM,74,74,37,80,76,84,82,78,75,83,89,84,87,79,94,84,63,78,73,78,64,65,77,79,65,79,51,52,53,13,12,12,11
Cuadrado,J. Cuadrado,28,82,RM,76,71,58,77,73,90,76,69,70,85,91,93,91,76,79,82,75,81,61,80,68,54,76,66,65,76,48,45,57,5,5,13,6
Herrera,Ander Herrera,26,82,CM,74,71,58,86,67,83,76,65,80,86,78,68,84,84,83,70,63,80,62,74,83,70,80,86,79,80,61,64,66,9,12,15,9
Iborra,Iborra,28,82,CDM,53,72,81,81,66,67,66,70,82,80,54,54,54,75,38,85,68,79,88,64,78,85,82,74,72,73,85,84,75,14,11,6,15
Parejo,Parejo,27,82,CM,84,75,63,90,72,76,86,85,87,84,56,53,73,74,68,78,56,78,73,81,72,70,79,85,83,70,52,61,51,5,9,12,14
Wilshere,J. Wilshere,24,82,CM,73,64,58,84,64,84,80,72,83,84,79,74,83,80,87,75,67,82,66,73,83,61,80,85,65,80,61,63,65,6,15,15,9
Bonaventura,G. Bonaventura,26,82,LM,82,74,58,82,76,83,77,78,78,83,83,81,79,82,77,82,69,87,69,82,66,64,78,80,68,82,54,64,64,10,14,7,15
N'Zonzi,S. N'Zonzi,27,82,CDM,59,57,78,82,55,71,73,42,76,81,53,62,38,81,31,79,64,86,90,66,87,84,66,68,57,85,73,83,77,7,16,16,16
Silva,Adrien Silva,27,82,CM,78,70,61,83,77,81,75,78,84,85,60,60,71,74,56,83,56,83,56,82,78,80,74,84,85,79,78,76,72,15,6,8,10
Sigurusson,G. Sigurusson,26,82,CAM,81,81,60,83,75,78,86,88,75,82,67,69,72,77,62,82,70,79,67,83,57,37,80,84,80,80,55,58,57,13,8,10,15
Arnautovic,M. Arnautovic,27,82,LM,83,75,72,79,79,84,79,74,68,85,78,78,76,73,57,76,68,79,85,71,73,46,79,80,78,77,47,57,30,14,15,10,10
Karnezis,O. Karnezis,30,82,GK,19,23,24,22,14,15,11,11,36,23,44,34,45,78,49,22,64,33,66,23,18,23,10,47,21,22,13,15,24,80,83,70,80
Sakho,M. Sakho,26,82,CB,60,23,71,75,20,50,50,30,66,61,55,68,61,72,55,51,82,72,90,38,85,82,32,49,40,73,79,84,83,14,12,9,7
Rami,A. Rami,30,82,CB,28,45,79,66,45,53,43,55,68,64,54,63,57,75,50,83,76,63,90,58,83,84,24,22,48,75,81,84,78,5,3,5,5
Corluka,V. Corluka,30,82,CB,68,38,83,70,38,65,69,60,69,73,49,55,57,77,46,64,80,80,84,53,81,77,45,60,49,78,83,83,82,15,9,12,14
Coleman,S. Coleman,27,82,RB,81,65,67,77,64,78,42,35,70,77,79,79,77,81,74,75,72,90,73,68,78,77,76,70,60,76,83,84,84,5,15,10,13
Bender,S. Bender,27,82,CB,52,43,77,74,54,58,33,40,69,68,64,67,62,79,62,73,76,87,77,62,86,87,49,65,42,82,81,86,87,13,7,8,14
Witsel,A. Witsel,27,82,CM,69,71,77,83,67,83,69,68,78,85,67,74,82,81,60,78,72,85,79,74,78,80,75,78,81,86,69,73,71,5,7,7,10
Schneiderlin,M. Schneiderlin,26,82,CDM,65,64,71,82,56,73,68,61,79,79,69,64,71,82,71,71,72,90,77,56,85,85,67,73,56,81,76,83,82,6,11,12,14
Bojan,Bojan,25,82,CAM,68,71,42,81,79,83,83,66,77,83,79,75,83,79,84,77,48,67,45,74,30,29,76,86,68,79,20,22,19,5,14,8,14
Piszczek,L. Piszczek,31,82,RB,83,61,74,75,66,74,73,47,69,76,75,82,67,80,67,76,75,79,79,68,83,82,70,70,65,78,79,84,84,14,11,14,6
Guardado,A. Guardado,29,82,CM,74,60,55,85,69,81,70,71,82,85,84,80,84,84,88,74,74,86,57,67,63,71,68,82,70,66,57,74,72,7,10,10,11
Jardel,Jardel,30,82,CB,46,38,84,57,27,54,30,35,53,60,55,69,34,74,34,67,70,69,89,37,85,82,30,51,57,72,83,86,80,7,16,11,16
Sirigu,S. Sirigu,29,82,GK,13,10,11,23,12,15,11,11,28,18,50,51,52,77,55,20,68,34,66,14,34,20,10,46,19,55,16,11,13,83,79,75,80
Viviano,E. Viviano,30,82,GK,12,17,13,36,13,18,14,16,37,22,30,33,35,77,32,21,66,29,58,18,18,10,10,60,21,64,19,10,12,81,84,79,78
Castro,G. Castro,29,82,CM,82,69,60,84,65,82,80,75,80,82,76,72,82,83,83,77,77,81,65,78,63,81,78,81,55,83,75,72,70,14,8,13,10
Skrtel,M. Skrtel,31,82,CB,39,35,86,65,43,46,33,27,62,59,54,68,52,73,52,46,75,75,85,35,84,78,33,28,52,71,79,85,83,15,5,7,6
Nasri,S. Nasri,29,82,LM,79,75,42,85,73,84,78,79,72,86,79,78,82,77,92,75,50,69,62,77,33,37,80,84,77,85,35,37,44,1,1,1,1
Sagna,B. Sagna,33,82,RB,80,40,79,66,56,74,66,47,64,75,75,75,68,80,76,69,84,84,79,62,75,79,66,59,59,84,84,84,84,11,9,7,9
Dembele,M. Dembele,28,82,CM,65,66,68,84,77,85,65,55,79,84,78,77,83,78,62,85,77,84,89,72,74,77,71,76,67,86,67,80,65,16,14,11,16
Krohn-Dehli,M. Krohn-Dehli,33,82,CM,83,75,50,85,53,79,77,83,84,82,69,65,76,85,78,82,58,70,66,68,67,75,83,84,76,73,54,73,61,10,8,15,16
Perrin,L. Perrin,30,82,CB,69,64,80,74,44,62,59,51,77,74,67,72,65,76,73,74,84,79,79,67,81,82,56,63,68,80,85,86,83,6,7,12,11
Biglia,L. Biglia,30,82,CDM,74,52,54,83,78,67,71,76,82,84,74,69,76,80,78,77,62,80,72,75,83,82,55,80,72,80,70,80,77,14,12,7,12
Costil,B. Costil,28,82,GK,11,14,15,35,12,13,12,11,33,12,49,53,38,77,45,22,49,28,65,15,22,22,12,44,15,53,16,11,14,82,80,78,82
Albiol,Raul Albiol,30,82,CB,38,27,77,71,31,54,53,45,65,67,60,62,55,78,56,65,77,62,82,53,79,83,30,49,37,73,85,85,83,8,6,5,9
Gignac,A. Gignac,30,82,ST,72,84,81,73,82,75,77,70,64,77,75,72,66,79,60,84,70,72,86,81,80,51,83,72,78,80,22,41,23,10,15,14,11
Gomez,M. Gomez,30,82,ST,62,86,83,69,78,74,68,36,50,75,68,75,64,80,55,82,76,69,86,78,72,20,87,62,74,86,20,24,20,8,8,9,7
Gabi,Gabi,32,82,CM,67,67,51,85,64,74,86,75,84,79,62,63,73,80,73,81,60,79,69,76,82,82,72,79,83,83,70,78,74,6,12,10,5
Raffael,Raffael,31,82,CF,73,81,63,84,75,87,80,73,77,83,77,72,84,84,83,77,71,76,63,78,66,53,82,83,72,79,29,42,31,12,10,5,13
Zabaleta,P. Zabaleta,31,82,RB,75,49,76,72,53,73,68,66,64,76,67,68,71,86,66,66,84,85,79,57,88,86,71,66,64,70,86,85,84,10,14,15,7
Marchetti,F. Marchetti,33,82,GK,13,17,12,36,12,11,14,12,35,20,55,50,60,80,61,20,84,34,62,13,36,22,12,45,22,64,19,12,14,82,80,66,78
Kaka,Kaka,34,82,CAM,77,74,52,84,86,82,84,70,73,84,67,69,69,77,64,76,55,55,70,80,45,42,79,86,84,85,14,31,31,3,5,5,3
Villa,David Villa,34,82,ST,71,86,66,74,78,82,83,80,67,85,75,72,76,82,75,80,67,73,66,76,67,29,86,71,88,83,22,28,38,8,9,9,11
Valdes,Victor Valdes,34,82,GK,10,12,11,27,10,12,11,12,36,27,36,42,58,75,53,29,80,34,71,10,36,21,12,38,26,70,10,12,10,80,80,77,84
Jagielka,P. Jagielka,33,82,CB,55,30,79,71,44,49,55,31,66,62,66,68,51,74,64,69,87,78,83,54,79,85,51,39,68,81,82,85,83,32,33,38,32
Evra,P. Evra,35,82,LB,82,33,80,75,53,74,76,51,69,75,79,75,79,78,87,72,89,69,69,63,82,86,68,62,57,80,82,82,86,3,5,5,5
Motta,T. Motta,33,82,CDM,66,54,79,84,76,68,67,67,85,83,42,41,47,74,50,82,83,74,83,73,89,77,50,74,70,80,68,83,75,10,10,7,5
Pirlo,A. Pirlo,37,82,CM,91,58,54,88,76,77,92,93,90,86,47,33,44,88,64,75,33,55,59,65,49,57,48,94,84,93,40,50,39,5,4,1,5
Casillas,Casillas,35,82,GK,13,12,25,21,14,25,25,13,22,23,65,63,62,77,46,28,77,43,70,13,23,22,16,65,24,70,11,11,13,85,73,58,80
Asensio,Marco Asensio,20,81,CAM,81,68,47,86,76,82,85,76,80,85,76,68,77,78,76,67,54,74,62,78,45,41,70,83,62,71,30,43,39,13,9,6,12
Silva,Bernardo Silva,21,81,RM,76,74,51,81,65,83,75,63,76,82,82,77,85,83,81,69,53,75,54,58,58,49,76,82,64,79,46,44,35,9,10,14,12
Fekir,N. Fekir,22,81,RW,70,78,49,81,74,87,80,75,72,87,82,83,88,78,89,84,70,76,74,70,77,28,83,78,70,88,24,33,30,15,9,8,14
Kante,N. Kante,25,81,CM,67,65,54,82,56,75,49,49,78,78,81,80,74,85,90,72,79,94,76,66,90,91,68,76,54,80,75,87,83,15,12,10,7
Maksimovic,N. Maksimovic,24,81,CB,45,22,82,59,28,49,29,23,59,61,63,69,54,74,58,39,68,68,86,29,79,83,29,31,26,70,83,85,79,12,9,5,11
Coman,K. Coman,20,81,LW,79,76,52,78,77,86,84,70,62,79,94,93,88,76,86,78,73,74,58,76,36,23,75,69,70,73,11,15,15,5,3,5,3
Sule,N. Sule,20,81,CB,30,20,80,72,29,42,28,30,57,46,51,63,33,79,33,70,38,65,93,59,77,84,26,30,32,69,82,86,82,15,7,14,7
Peres,Bruno Peres,26,81,RWB,78,53,60,75,71,81,69,59,66,80,91,93,83,77,83,87,69,93,69,76,70,77,74,63,59,77,73,77,79,7,11,14,8
Salah,M. Salah,24,81,RW,69,77,59,76,69,87,59,60,63,87,92,91,86,80,84,71,70,77,60,62,63,55,81,71,61,73,37,43,41,14,14,9,11
Promes,Q. Promes,24,81,RM,73,82,60,74,68,83,75,76,69,82,86,91,87,81,78,82,82,80,61,83,60,24,79,76,72,64,25,24,27,10,13,6,7
Vazquez,Lucas Vazquez,25,81,RM,83,69,51,74,54,81,82,75,72,79,85,78,77,85,79,78,67,88,56,74,54,44,80,81,56,70,23,51,37,9,16,9,9
Shatov,O. Shatov,25,81,LM,74,75,55,80,69,82,77,70,72,82,85,90,83,77,78,75,59,73,66,74,70,66,78,81,60,76,38,45,42,13,9,10,12
Shaw,L. Shaw,20,81,LB,78,44,67,75,58,79,63,58,64,76,83,88,80,79,75,62,68,83,80,48,74,79,73,65,53,75,81,82,80,10,12,13,7
Jorginho,Jorginho,24,81,CM,70,57,56,85,71,71,75,76,84,84,77,77,82,81,74,71,61,83,58,62,78,78,72,83,84,75,63,75,70,14,7,13,14
Batshuayi,M. Batshuayi,22,81,ST,65,83,73,64,74,78,61,46,36,79,81,84,84,79,78,83,81,65,82,76,59,23,83,63,67,81,16,26,22,9,10,16,7
Deulofeu,Deulofeu,22,81,RM,79,74,40,73,55,89,84,75,60,86,89,92,93,77,77,64,72,76,59,65,40,25,78,72,70,66,20,30,22,12,16,14,11
Kurzawa,L. Kurzawa,23,81,LB,81,71,76,81,61,76,73,53,71,80,82,76,75,80,75,69,81,80,72,67,75,78,74,75,62,74,80,79,81,14,10,7,9
Volland,K. Volland,23,81,ST,78,81,69,81,74,79,79,76,67,81,79,79,73,82,81,84,77,90,81,80,75,44,80,80,72,80,17,50,33,8,7,9,7
Alcacer,Paco Alcacer,22,81,ST,53,84,78,72,85,72,66,59,51,81,74,73,76,86,78,83,75,66,63,68,59,26,87,63,71,66,26,21,26,12,14,14,8
Cillessen,J. Cillessen,27,81,GK,17,10,12,47,19,12,10,10,33,32,54,50,48,78,50,35,71,40,67,15,25,25,11,60,21,70,18,12,11,79,83,74,81
Allan,Allan,25,81,CM,70,62,59,82,56,77,65,49,76,78,79,76,79,84,82,70,69,94,73,62,82,84,78,79,53,77,76,84,80,13,13,5,5
Acerbi,F. Acerbi,27,81,CB,25,37,75,70,39,57,62,56,75,67,65,64,33,80,41,75,68,69,84,56,73,84,20,52,55,76,85,85,81,11,9,9,13
Andre,Andre Andre,26,81,CM,68,75,65,83,65,79,78,61,78,80,75,73,74,82,74,75,70,86,64,75,82,81,80,78,86,83,63,75,67,9,11,15,9
Perez,Lucas Perez,27,81,ST,74,85,68,77,79,81,83,78,70,82,74,77,74,81,75,83,65,74,73,82,69,38,81,76,79,76,24,24,26,14,8,8,10
Barkley,R. Barkley,22,81,CAM,65,70,65,84,61,85,56,56,78,84,79,78,70,77,59,78,63,74,77,79,73,45,71,81,65,80,56,60,52,9,14,12,6
Bakambu,C. Bakambu,25,81,ST,74,81,71,75,78,80,68,54,66,82,87,88,81,81,69,84,78,74,80,68,62,39,82,73,72,73,30,29,21,6,13,6,14
Gabbiadini,M. Gabbiadini,24,81,ST,70,79,73,74,78,80,78,82,64,84,79,84,74,80,56,87,76,72,76,89,59,18,80,72,72,71,18,24,20,12,11,11,5
Bartra,Marc Bartra,25,81,CB,50,43,77,79,43,62,56,45,73,78,76,70,67,75,69,58,87,64,73,36,63,83,58,43,52,61,83,87,82,10,15,13,12
Herrmann,P. Herrmann,25,81,RM,79,76,55,79,74,85,74,50,64,79,90,92,87,82,82,78,69,72,56,74,58,29,82,77,61,70,27,26,40,14,13,8,8
Pizzi,Pizzi,26,81,RM,79,73,45,82,76,83,85,76,79,82,84,78,85,80,86,74,67,74,61,77,68,66,77,83,76,78,51,64,57,15,14,9,9
Ozyakup,O. Ozyakup,23,81,CM,76,73,50,85,72,82,83,81,84,83,76,75,87,74,84,80,71,78,66,78,73,66,76,85,78,82,54,65,55,7,10,9,15
Ruiz,Victor Ruiz,27,81,CB,54,37,77,75,39,53,67,46,70,71,57,62,56,77,58,59,78,75,85,38,80,83,39,56,46,66,79,84,82,12,8,6,6
Schurrle,A. Schurrle,25,81,LM,76,79,63,78,81,84,79,68,59,79,91,86,83,83,78,85,72,73,64,82,66,44,80,76,81,75,23,33,39,7,11,12,9
Gonalons,M. Gonalons,27,81,CDM,61,55,78,80,60,67,57,57,78,75,68,67,64,77,65,80,79,91,77,59,86,84,60,65,71,74,81,83,77,11,11,11,8
Areola,A. Areola,23,81,GK,20,19,14,41,16,12,16,16,32,22,54,52,53,77,58,25,59,28,80,14,26,23,17,34,25,35,19,18,12,84,80,72,76
Pereyra,R. Pereyra,25,81,CM,78,61,60,83,74,84,78,72,77,85,81,81,82,76,75,66,65,83,64,72,66,70,80,82,72,78,64,70,70,4,5,3,4
Aspas,Iago Aspas,28,81,ST,69,83,74,75,85,84,83,76,67,83,86,76,91,85,77,75,68,66,59,79,63,36,84,68,74,69,20,21,18,12,16,9,12
Orellana,F. Orellana,30,81,RW,78,75,69,77,61,87,84,79,68,84,86,80,90,80,55,64,69,62,45,80,54,31,75,77,75,75,18,37,25,12,7,15,16
Blind,D. Blind,26,81,CB,70,46,71,83,62,73,76,55,81,80,65,58,73,84,75,68,71,86,73,64,71,86,66,77,56,85,80,84,77,12,9,10,14
Shaarawy,S. El Shaarawy,23,81,LW,70,75,51,74,77,84,80,63,57,87,86,87,83,76,82,74,60,72,55,74,54,36,80,73,72,71,25,30,25,5,3,5,5
Clyne,N. Clyne,25,81,RB,80,54,66,76,45,78,64,39,67,76,86,86,84,75,76,74,73,87,71,69,76,76,72,64,46,75,80,83,86,10,11,13,15
Marcos,De Marcos,27,81,RB,78,59,59,77,57,76,77,53,69,81,85,91,77,85,74,73,78,93,74,56,76,79,80,66,55,76,66,80,80,8,6,13,15
Bony,W. Bony,27,81,ST,45,83,84,68,76,74,66,58,45,76,69,75,67,81,72,85,86,78,94,80,70,38,83,65,77,83,25,42,28,10,8,5,7
Strootman,K. Strootman,26,81,CM,69,66,64,83,57,74,75,73,83,82,66,69,66,81,68,85,55,79,84,78,75,81,75,81,71,83,69,80,73,7,12,11,6
Iturraspe,Iturraspe,27,81,CDM,57,58,78,86,47,68,68,66,83,79,58,61,53,82,45,67,52,70,80,67,66,84,68,80,58,65,72,83,79,7,12,8,7
Coquelin,F. Coquelin,25,81,CDM,60,45,60,78,43,74,55,41,73,79,69,70,76,77,85,71,70,83,76,59,92,87,64,74,52,75,78,80,80,9,9,8,10
Taison,Taison,28,81,CAM,73,73,58,77,82,85,52,73,75,85,91,89,89,79,83,83,62,70,62,80,56,49,74,79,72,75,38,53,40,7,7,11,15
Walker,K. Walker,26,81,RB,76,51,76,73,57,74,76,73,67,73,86,93,70,75,73,86,83,90,77,70,78,74,62,67,63,75,77,81,84,12,6,16,15
McCarthy,J. McCarthy,25,81,CDM,68,65,63,82,61,78,64,64,81,77,75,69,66,75,71,67,66,91,78,73,79,79,69,75,60,77,81,79,78,12,11,8,10
Camacho,Camacho,26,81,CDM,50,58,83,81,52,64,62,59,74,75,64,59,71,84,63,76,85,84,78,54,86,85,66,79,48,72,75,82,74,9,13,15,8
Paulinho,Paulinho,27,81,CM,64,72,80,81,75,77,66,57,76,81,76,78,70,81,64,79,88,92,69,73,69,78,75,75,71,79,77,76,73,16,16,11,6
Dzagoev,A. Dzagoev,26,81,CM,77,73,67,78,74,78,75,76,76,82,78,75,71,80,72,79,74,90,65,75,69,71,76,81,65,70,70,73,70,11,16,12,14
Ganso,Ganso,26,81,CAM,83,73,65,87,75,87,80,76,85,86,36,34,67,75,56,77,33,71,67,80,56,47,74,88,76,85,41,45,37,9,12,14,7
Smolnikov,I. Smolnikov,27,81,RB,80,61,69,80,57,72,49,46,76,72,84,90,80,80,76,67,85,93,68,57,65,71,78,76,41,63,83,78,81,7,12,10,8
Stindl,L. Stindl,27,81,CF,76,82,67,83,84,79,79,69,67,82,74,68,76,84,78,84,73,82,70,81,72,70,83,81,70,83,63,65,57,7,10,13,11
Kivrak,O. Kivrak,28,81,GK,13,10,14,38,10,25,11,11,40,26,65,65,67,79,63,23,84,45,68,12,30,25,12,54,19,60,18,13,16,83,77,71,79
Honda,K. Honda,30,81,RM,78,63,72,82,74,83,85,84,82,85,77,76,75,78,77,84,83,75,69,82,48,44,74,82,76,80,44,48,48,3,3,5,5
Zieler,R. Zieler,27,81,GK,15,10,13,25,12,12,11,10,22,22,46,50,43,80,41,21,69,32,55,14,32,21,15,39,24,61,11,12,13,78,82,66,81
Jose,Mikel San Jose,27,81,CDM,47,58,85,86,69,62,31,44,83,76,44,54,46,81,55,71,77,76,83,72,74,84,54,59,51,57,73,84,75,10,6,10,8
Callejon,Jose Callejon,29,81,RW,75,74,65,75,80,82,65,65,51,84,89,90,83,76,81,78,73,83,56,80,54,40,84,74,62,74,24,32,34,8,5,14,11
Benteke,C. Benteke,25,81,ST,58,79,81,72,74,75,60,67,48,81,75,79,74,71,48,85,82,77,90,76,76,29,76,73,77,78,25,30,18,14,5,12,8
Henderson,J. Henderson,26,81,CM,81,67,65,83,72,76,80,74,82,82,76,73,74,79,71,75,81,93,75,71,78,75,76,80,64,78,71,76,73,7,13,7,9
Parolo,M. Parolo,31,81,CM,74,72,75,81,76,75,67,55,80,79,69,76,69,82,71,87,77,84,79,86,80,80,82,78,45,78,71,78,76,13,9,6,7
Mitroglou,K. Mitroglou,28,81,ST,60,80,85,67,78,78,73,71,59,80,55,66,52,77,34,82,79,64,85,78,80,21,84,67,61,81,23,26,13,12,7,10,8
Jovetic,S. Jovetic,26,81,ST,72,82,68,78,78,85,82,72,64,88,77,79,79,78,69,82,70,69,75,82,50,30,83,78,80,80,26,32,30,9,7,5,9
Yanga-M'Biwa,M. Yanga-M'Biwa,27,81,CB,57,23,76,73,28,62,33,23,64,64,69,75,62,76,62,52,81,73,80,41,84,80,36,34,49,75,81,84,82,9,13,9,6
Wijnaldum,G. Wijnaldum,25,81,CAM,67,76,72,79,73,86,76,71,66,84,79,85,82,82,80,77,82,86,66,69,61,65,78,76,74,78,57,60,52,16,6,14,12
Lallana,A. Lallana,28,81,CAM,74,73,67,81,72,85,77,66,74,82,76,74,83,75,76,68,73,83,67,72,74,61,76,81,70,77,58,65,61,6,15,14,8
Remy,L. Remy,29,81,ST,61,83,81,75,71,73,66,51,60,76,89,89,77,77,65,78,90,75,75,77,57,48,81,71,78,76,23,24,21,9,10,15,14
Asenjo,Sergio Asenjo,27,81,GK,24,14,13,39,22,15,23,22,39,14,59,54,62,75,58,24,71,43,71,23,20,22,12,46,15,39,12,15,14,84,82,79,81
Layon,M. Layon,28,81,LB,84,67,66,79,66,78,68,74,75,78,83,84,78,80,77,80,75,87,67,76,71,79,75,71,75,78,71,77,76,7,16,6,12
Trumoulinas,B. Trumoulinas,30,81,LB,86,58,67,81,47,75,82,59,77,80,82,82,81,82,78,74,74,87,63,65,72,72,73,70,77,76,79,80,81,5,14,11,14
Monreal,Nacho Monreal,30,81,LB,81,39,67,77,56,74,74,59,61,77,79,75,75,79,70,71,75,85,66,61,74,82,61,66,61,71,83,84,82,7,5,9,3
Vieirinha,Vieirinha,30,81,RM,80,73,42,79,65,86,74,67,70,84,84,76,86,81,85,78,69,75,57,76,75,74,78,78,66,76,67,66,64,15,10,12,11
Ruiz,B. Ruiz,30,81,LM,80,71,79,81,82,87,83,74,75,86,68,69,79,79,71,77,56,74,61,76,33,49,78,82,71,83,45,57,48,9,7,12,7
Fernandez,A. Fernandez,30,81,CM,70,69,59,82,57,78,65,61,81,82,67,71,75,85,75,74,59,79,73,73,80,77,78,82,62,81,57,76,64,9,13,6,16
Candreva,A. Candreva,29,81,RW,86,74,55,81,75,83,76,71,73,85,79,83,75,80,76,87,40,86,73,87,66,59,78,82,86,80,54,58,50,10,4,14,4
Astori,D. Astori,29,81,CB,34,25,77,68,27,56,33,17,68,66,67,69,58,78,54,65,80,69,80,36,78,86,29,46,27,74,85,85,80,4,4,4,4
Mirallas,K. Mirallas,28,81,LM,82,78,64,80,76,84,77,76,77,82,89,87,86,76,74,77,73,76,61,76,58,35,80,67,75,74,40,55,53,8,10,14,13
Lamela,E. Lamela,24,81,RM,77,75,71,81,80,87,83,79,73,84,81,77,78,77,71,80,64,77,57,82,70,43,79,81,75,74,37,42,39,10,15,11,8
Shawcross,R. Shawcross,28,81,CB,33,53,84,63,35,42,34,24,69,54,54,54,62,73,57,44,72,79,88,28,85,82,31,50,48,62,82,83,80,10,12,7,13
Vela,C. Vela,27,81,RW,74,78,64,77,84,82,80,71,63,81,87,83,86,77,79,73,69,70,68,76,57,37,78,78,72,79,12,22,14,8,14,8,13
Cabaye,Y. Cabaye,30,81,CDM,77,71,70,84,73,75,80,81,82,83,66,68,74,78,77,82,70,79,70,80,77,80,71,82,81,74,71,75,73,14,9,16,8
Falcao,Falcao,30,81,ST,55,81,90,67,84,74,83,71,53,81,75,68,85,82,75,78,92,68,73,76,70,41,83,68,84,85,16,42,19,10,13,6,9
Walcott,T. Walcott,27,81,LM,77,82,55,75,72,80,75,74,65,78,92,93,82,79,79,75,66,75,62,69,65,35,79,73,74,77,33,39,36,11,8,9,9
Schmeichel,K. Schmeichel,29,81,GK,18,12,16,21,15,12,13,15,18,24,62,60,62,78,47,36,60,35,62,14,33,20,14,59,26,41,14,14,13,82,78,85,78
Kalou,S. Kalou,30,81,LM,68,83,75,78,78,87,72,56,68,83,76,74,77,81,83,76,76,75,68,67,38,39,81,75,86,79,22,50,32,8,9,14,7
Vermaelen,T. Vermaelen,30,81,CB,63,52,84,78,56,55,61,64,74,64,69,67,60,73,57,80,88,60,80,68,77,75,41,51,62,75,80,81,82,9,10,7,11
Eremenko,R. Eremenko,29,81,CAM,75,73,43,85,85,78,74,73,80,83,79,73,77,78,75,83,73,90,74,78,63,46,73,85,61,83,55,56,58,15,10,13,6
Huntelaar,K. Huntelaar,32,81,ST,63,85,83,73,86,69,73,64,44,75,64,67,65,83,62,84,77,68,77,78,69,27,84,61,56,87,20,33,23,7,12,6,9
Lopez,Diego Lopez,34,81,GK,11,12,10,28,14,11,10,11,23,23,34,52,48,78,47,22,68,42,66,11,36,16,11,53,21,69,14,13,14,74,84,70,83
Mirante,A. Mirante,32,81,GK,10,17,13,35,15,15,17,13,35,21,44,43,50,77,50,23,62,33,55,15,32,17,10,43,21,65,18,12,12,82,84,64,78
Srna,D. Srna,34,81,RB,85,69,60,85,72,72,86,83,87,83,69,81,71,78,65,83,67,81,72,77,83,85,76,86,84,81,78,78,77,10,10,6,6
Milner,J. Milner,30,81,CM,86,68,69,85,79,77,81,79,82,78,69,66,71,84,73,87,64,91,71,81,71,72,77,78,81,86,67,68,70,1,1,1,1
Fernandinho,Fernandinho,31,81,CM,68,70,55,82,76,78,70,71,81,76,77,77,79,82,79,83,72,82,73,81,86,86,68,75,61,64,72,81,78,12,11,5,13
Adler,R. Adler,31,81,GK,13,14,10,39,18,13,12,13,36,20,46,37,49,81,43,23,69,22,66,14,25,17,7,38,21,49,12,12,13,80,80,73,82
Carrasso,C. Carrasso,34,81,GK,11,13,11,24,13,14,10,12,22,22,38,42,39,73,35,24,73,31,71,14,43,23,13,53,13,60,13,13,14,78,79,81,79
Castro,Ruben Castro,35,81,ST,60,84,73,69,72,83,72,69,45,81,80,77,87,87,77,77,78,78,61,78,50,37,86,74,76,70,11,12,14,14,8,15,8
Mathieu,J. Mathieu,32,81,CB,79,51,83,66,68,44,80,71,76,64,67,75,51,76,39,79,67,64,90,74,81,84,48,42,60,70,82,85,75,13,14,10,9
Moya,Moya,32,81,GK,11,11,12,31,13,13,16,12,35,24,46,34,54,75,49,21,62,30,57,16,22,11,10,62,11,39,13,14,14,85,78,82,81
Torres,Fernando Torres,32,81,ST,68,77,76,78,81,82,80,63,51,81,76,78,74,73,54,83,75,63,76,73,62,20,82,76,74,69,17,22,18,14,13,8,9
Drogba,D. Drogba,38,81,ST,67,82,85,66,76,75,78,84,60,81,66,66,63,80,56,85,76,64,86,79,80,42,81,76,84,86,22,32,29,10,11,8,6
Carrick,M. Carrick,34,81,CDM,72,59,73,86,67,71,64,59,85,80,53,52,58,85,63,78,72,69,66,71,67,83,66,85,64,85,74,77,72,13,12,11,15
Howard,T. Howard,37,81,GK,16,13,12,33,12,13,14,14,30,19,50,48,48,83,50,26,75,26,71,15,32,22,13,52,43,69,11,12,14,80,76,77,78
Gerrard,S. Gerrard,36,81,CM,86,76,75,83,80,74,84,82,86,82,55,54,59,85,60,90,71,68,75,82,85,70,78,78,85,84,63,69,68,13,15,13,5
Eto'o,S. Eto'o,35,81,ST,69,84,73,76,80,80,78,72,71,80,73,75,79,79,74,85,85,68,70,75,75,39,83,75,85,84,20,39,35,7,10,11,13
Persie,R. van Persie,32,81,ST,77,82,75,74,88,82,86,81,70,84,66,64,70,77,59,85,57,62,70,82,55,34,84,79,84,79,23,32,21,9,10,5,7
Tiago,Tiago,35,81,CM,61,62,75,84,67,72,78,68,83,84,54,55,60,79,56,79,76,67,76,75,83,71,74,82,57,81,53,79,69,6,8,12,8
Lemos,M. Lemos,20,80,CB,51,24,73,68,30,68,32,35,61,76,70,72,70,76,61,59,80,66,75,27,77,85,43,44,41,68,81,80,85,10,6,7,15
Rafa,Rafa,23,80,LM,74,65,56,75,64,84,76,56,66,80,91,93,92,83,85,71,65,75,30,66,40,43,82,76,59,77,23,38,31,9,11,11,12
Williams,Williams,22,80,RW,78,74,67,77,64,80,49,53,66,81,90,94,86,78,45,85,84,77,84,71,66,21,76,75,64,42,28,38,31,14,15,14,10
Alisson,Alisson,23,80,GK,17,13,19,27,20,16,19,18,20,21,44,35,30,81,37,21,52,32,78,14,27,11,13,65,23,60,20,19,16,75,76,70,78
Meyer,M. Meyer,20,80,CAM,74,70,37,82,60,85,74,66,73,83,83,69,90,78,90,54,59,76,37,60,61,41,74,81,60,78,32,36,27,8,12,13,11
Gaya,Gaya,21,80,LB,84,56,60,78,59,77,80,49,81,76,85,90,81,78,82,58,75,77,61,59,74,76,72,70,52,70,77,76,82,13,10,9,12
Boufal,S. Boufal,22,80,LW,70,75,35,76,70,88,71,72,66,86,86,85,90,72,85,73,34,70,40,69,47,19,76,73,69,71,44,40,32,9,16,10,14
Alli,D. Alli,20,80,CAM,65,75,60,83,71,78,67,46,73,81,77,73,74,81,58,75,59,88,70,74,87,65,82,76,52,79,57,64,59,7,6,9,11
Castillejo,Samu Castillejo,21,80,LM,82,63,43,77,58,83,75,72,71,81,87,87,84,77,79,69,64,61,45,59,48,52,79,78,59,65,22,43,25,13,16,15,8
Ziyech,H. Ziyech,23,80,CAM,80,74,53,79,77,77,90,84,77,80,75,72,77,78,66,83,42,79,62,78,60,59,75,88,74,69,40,44,36,11,7,11,8
Kostic,F. Kostic,23,80,LM,84,69,48,77,68,83,79,66,60,81,90,90,76,78,72,77,66,74,74,69,65,32,73,73,67,77,35,44,43,13,14,12,12
Saul,Saul,21,80,CM,69,67,83,85,30,81,63,60,78,82,74,73,75,82,68,74,79,81,76,62,66,78,77,73,54,80,69,81,77,7,13,12,10
Hector,J. Hector,26,80,LB,78,55,73,76,51,73,65,65,72,76,76,77,71,79,68,69,61,85,74,61,70,81,62,68,62,78,75,79,80,9,10,10,12
Can,E. Can,22,80,CM,70,60,70,81,61,78,68,65,80,82,72,77,75,77,70,78,74,86,83,70,82,77,73,76,60,76,78,80,78,14,8,8,13
Calhanoglu,H. Calhanoglu,22,80,CAM,77,74,53,80,73,78,92,93,77,80,75,73,76,79,76,87,50,68,53,89,57,44,75,79,76,72,32,42,45,9,14,11,6
Veltman,J. Veltman,24,80,CB,57,54,77,75,38,64,40,34,72,67,63,69,72,78,68,56,72,75,75,41,77,78,55,54,42,72,83,85,79,7,10,6,9
Rico,Sergio Rico,22,80,GK,17,14,11,23,15,14,24,20,23,12,50,53,62,72,61,19,63,31,67,12,27,23,11,45,24,29,18,11,11,80,80,77,80
Trigueros,Manu Trigueros,24,80,CM,68,66,76,84,63,76,75,69,78,80,72,69,77,79,71,81,83,81,63,77,68,68,77,82,65,69,53,73,58,9,14,12,7
Nastasic,M. Nastasic,23,80,CB,46,27,79,69,32,35,29,32,63,66,66,74,64,79,58,44,81,65,78,22,78,78,30,46,47,78,81,84,86,11,16,11,15
Suarez,Denis Suarez,22,80,LM,78,69,44,84,68,84,82,72,72,85,78,77,79,75,76,75,58,69,55,73,47,48,72,83,63,65,37,46,42,10,14,10,7
Zouma,K. Zouma,21,80,CB,54,47,77,62,47,48,59,60,56,67,69,77,48,75,52,56,84,72,85,49,82,78,53,57,61,74,80,83,80,14,14,7,9
Klaassen,D. Klaassen,23,80,CAM,63,78,75,82,80,73,62,44,70,83,72,73,67,83,63,79,85,88,74,74,76,67,82,77,77,75,58,71,56,12,6,13,16
Carrillo,A. Carrillo,25,80,RM,79,74,70,74,76,84,82,55,64,80,90,91,86,80,77,80,74,73,70,77,53,34,80,77,68,81,19,32,25,11,14,13,12
Zaza,S. Zaza,25,80,ST,52,81,80,65,78,76,70,56,45,79,79,80,77,76,68,82,91,73,79,76,72,34,85,66,72,74,28,36,36,7,13,9,7
Depay,M. Depay,22,80,LM,67,72,55,73,69,85,85,90,63,82,91,89,84,78,84,88,74,79,80,81,62,31,75,73,66,67,24,31,20,8,14,6,12
Jese,Jese,23,80,LW,72,78,42,77,55,85,74,66,64,86,90,83,87,71,76,76,74,69,62,74,29,33,76,70,68,66,16,23,12,13,7,6,13
Ntep,P. Ntep,23,80,LM,77,74,43,75,74,84,77,73,70,84,91,91,86,77,75,79,49,73,74,76,75,28,75,71,70,63,22,25,15,15,9,9,8
Rafinha,Rafinha,23,80,CM,69,69,55,86,69,87,68,61,74,85,76,74,79,76,77,75,75,68,66,79,44,68,77,80,67,76,47,74,66,11,6,15,13
Murillo,J. Murillo,24,80,CB,56,37,80,61,44,57,38,26,61,63,76,78,78,74,69,68,86,74,78,13,83,80,45,54,46,72,82,82,86,14,13,8,11
Saponara,R. Saponara,24,80,CAM,78,64,57,83,65,84,80,70,77,85,74,78,72,75,71,73,64,75,69,68,52,30,78,84,67,76,25,29,29,5,3,5,5
Ilicic,J. Ilicic,28,80,CF,78,78,58,82,80,83,77,84,74,87,69,75,70,78,56,86,34,69,68,86,58,46,78,82,78,78,28,34,30,13,13,8,12
Rode,S. Rode,25,80,CDM,69,55,66,78,55,72,51,57,73,77,76,74,76,78,77,75,81,86,73,65,85,83,69,73,51,74,77,83,82,9,8,14,7
Hernandez,P. Hernandez,29,80,CM,54,69,53,82,69,81,75,69,80,80,74,71,71,82,53,75,69,74,80,74,87,74,80,81,62,67,56,68,70,6,15,9,15
Yedder,W. Ben Yedder,25,80,ST,73,82,74,80,75,84,80,77,68,83,84,82,91,76,86,77,85,77,57,69,55,44,81,79,74,78,28,21,26,6,13,9,7
Danilo,Danilo,24,80,RB,74,61,68,78,72,73,74,76,69,79,77,82,75,79,66,85,75,83,79,72,74,81,75,62,67,67,75,81,82,14,5,15,14
Viera,Jonathan Viera,26,80,LM,78,73,32,81,57,85,80,76,68,83,78,74,89,76,84,68,69,67,58,78,56,25,77,82,70,76,15,15,14,16,16,9,14
Guilavogui,J. Guilavogui,25,80,CDM,52,49,78,76,49,67,42,53,75,73,66,73,54,79,58,78,76,79,82,66,82,86,63,65,50,74,76,84,86,14,8,14,10
Abdennour,A. Abdennour,26,80,CB,56,48,75,68,32,52,48,39,64,61,58,64,65,71,67,80,75,70,90,64,86,79,53,53,51,75,80,82,83,12,8,7,8
Rakitskyi,Y. Rakitskyi,26,80,CB,68,50,68,76,53,69,75,77,84,77,69,74,72,77,73,87,74,80,75,84,82,80,53,75,50,73,83,83,82,12,16,7,12
Kampl,K. Kampl,25,80,CM,63,65,34,82,58,86,76,64,76,82,86,79,91,81,81,70,67,88,47,72,64,72,76,81,64,81,42,67,54,13,11,7,6
Bruma,J. Bruma,24,80,CB,40,38,81,75,34,59,43,66,76,63,62,69,52,68,47,86,80,67,90,65,81,74,49,61,39,67,76,85,78,11,16,16,12
Baston,Borja Baston,23,80,ST,51,82,81,66,85,69,68,46,44,83,58,67,61,78,41,84,56,60,89,73,61,23,88,65,72,70,14,32,24,6,9,10,9
Adrian,Adrian,29,80,GK,12,16,15,21,12,15,12,17,32,23,46,44,47,75,48,40,69,38,74,20,38,25,12,32,44,40,14,19,14,82,78,70,75
Neto,Neto,26,80,GK,11,15,14,36,12,19,12,13,36,24,53,49,59,74,49,28,79,39,63,19,40,15,11,40,22,72,19,14,15,84,80,74,74
Mallo,Hugo Mallo,25,80,RB,84,28,63,70,28,69,78,38,68,80,75,76,78,80,66,74,82,90,69,39,76,80,46,64,23,65,75,80,82,14,9,7,9
Keko,Keko,24,80,RM,83,69,34,77,70,83,73,69,76,80,82,79,78,79,76,67,65,71,66,72,54,59,73,81,66,60,24,53,43,15,12,8,9
Didavi,D. Didavi,26,80,CAM,75,81,58,78,73,79,78,74,74,82,77,78,75,81,73,87,76,67,75,87,70,51,82,70,65,73,45,58,49,12,11,10,14
Baumann,O. Baumann,26,80,GK,14,11,16,30,11,19,12,11,25,17,47,51,45,78,43,21,69,32,64,13,32,21,10,41,22,52,10,18,14,82,79,59,76
Fernandes,Mario Fernandes,25,80,RB,76,56,73,78,45,73,66,39,70,74,79,83,79,73,55,72,83,81,75,62,77,77,71,69,53,76,79,81,84,12,13,14,13
Cabella,R. Cabella,26,80,CAM,76,72,58,78,72,83,75,81,72,83,86,80,90,73,84,76,42,73,50,74,47,46,75,77,73,71,47,34,32,12,16,12,13
Corona,J. Corona,23,80,RW,69,78,68,74,69,90,85,67,65,84,86,79,90,81,87,66,72,74,39,61,45,56,76,76,68,80,37,46,40,11,6,10,14
Gaspar,Mario Gaspar,25,80,RB,79,70,64,74,80,73,75,54,69,77,78,79,69,78,60,81,69,86,79,69,77,80,64,57,50,61,83,80,82,9,12,8,9
Immobile,C. Immobile,26,80,ST,55,83,74,69,80,75,70,51,49,77,77,83,74,84,63,85,78,68,73,76,73,40,80,59,71,77,31,33,32,6,8,15,12
Zoet,J. Zoet,25,80,GK,17,12,19,37,19,15,13,16,38,34,57,45,54,77,42,25,57,44,63,17,18,21,11,57,27,61,16,18,16,80,76,78,80
Mangala,E. Mangala,25,80,CB,59,27,83,61,44,46,47,48,59,59,67,78,62,74,57,72,86,77,86,41,89,75,39,47,46,68,75,81,87,10,13,6,10
Etxeita,Etxeita,28,80,CB,36,29,77,65,38,47,35,43,54,63,52,60,67,71,55,54,79,76,82,34,88,78,28,30,30,59,81,82,84,6,7,8,10
Hitz,M. Hitz,28,80,GK,12,27,18,29,26,13,15,17,25,17,41,46,45,71,31,38,67,39,78,12,25,23,8,15,22,42,15,15,14,82,76,73,80
Kolodziejczak,T. Kolodziejczak,24,80,CB,63,22,72,71,26,63,59,34,66,72,68,74,61,75,50,47,79,83,85,43,83,81,57,58,49,56,78,80,82,14,6,10,16
Rondon,S. Rondon,26,80,ST,48,80,86,69,73,75,53,52,40,76,76,77,72,73,48,85,72,68,91,70,72,33,82,53,62,75,25,23,13,13,13,7,5
Schmelzer,M. Schmelzer,28,80,LB,79,37,74,74,47,68,74,70,66,71,75,79,68,78,65,74,73,85,75,60,81,75,54,52,46,71,79,82,83,14,10,15,9
Marlos,Marlos,28,80,CAM,76,76,53,74,61,87,78,71,66,86,85,82,92,75,84,76,68,73,62,75,58,51,77,75,69,76,45,49,42,6,13,13,8
Noboa,C. Noboa,31,80,CM,78,67,75,83,63,78,76,82,80,80,73,73,77,74,66,75,79,91,71,78,68,74,75,81,80,58,77,75,75,15,8,11,15
Asamoah,K. Asamoah,27,80,CM,76,65,56,79,76,84,72,68,77,81,80,80,82,78,82,84,79,85,73,82,70,76,76,76,64,78,68,74,74,5,4,3,4
Welbeck,D. Welbeck,25,80,ST,69,77,75,77,76,81,61,62,64,78,87,85,85,78,64,77,80,84,78,70,77,22,81,72,70,76,23,38,33,9,10,6,12
Drinkwater,D. Drinkwater,26,80,CM,64,61,61,82,61,73,70,65,84,80,68,68,69,79,78,76,56,80,74,73,72,76,74,78,53,78,70,78,75,12,6,8,9
Gibbs,K. Gibbs,26,80,LB,76,47,68,78,47,77,64,52,65,77,79,83,73,81,74,72,70,77,69,65,72,79,65,69,63,77,80,82,83,6,11,8,9
Kalinic,N. Kalinic,28,80,ST,60,84,78,68,76,72,63,54,48,78,69,78,69,84,58,76,68,79,78,65,70,42,89,64,70,74,22,32,28,9,11,9,11
Giuliano,Giuliano,26,80,CAM,74,76,59,79,66,84,68,69,74,82,83,79,85,81,85,79,61,67,70,77,69,40,74,77,72,74,47,43,38,16,11,13,9
Feghouli,S. Feghouli,26,80,RW,78,72,60,73,68,85,57,68,67,84,86,89,86,77,79,79,72,72,58,71,55,31,76,75,62,63,25,32,31,13,7,10,10
Darmian,M. Darmian,26,80,RB,75,55,68,74,59,75,69,35,66,75,79,80,80,78,79,69,72,87,67,56,82,79,64,63,45,78,79,84,83,6,7,7,12
Pratto,L. Pratto,28,80,ST,69,82,79,67,73,77,57,56,73,78,73,72,68,78,61,82,66,74,87,79,72,47,81,73,81,84,37,36,28,8,15,6,15
Traori,I. Traori,28,80,RM,82,64,44,75,53,87,84,64,60,78,91,85,94,81,93,80,73,68,38,77,42,41,79,76,56,65,32,34,40,6,6,11,8
Perotti,D. Perotti,27,80,CF,79,66,57,82,60,86,72,64,69,87,85,79,80,80,79,73,64,76,55,75,51,36,78,84,62,76,24,31,22,5,8,14,6
Yacob,C. Yacob,28,80,CDM,34,58,78,83,23,66,52,55,74,76,55,51,59,77,68,63,76,83,70,67,82,84,42,69,66,79,77,81,74,6,6,12,9
Ogbonna,A. Ogbonna,28,80,CB,51,25,78,68,30,60,51,36,67,57,70,73,60,64,54,71,74,70,84,46,70,84,30,50,39,79,84,84,83,5,3,5,4
Roberto,Roberto,30,80,GK,15,14,19,39,13,12,14,14,38,31,45,48,68,81,40,36,74,32,80,11,29,24,17,45,19,59,15,15,18,81,73,74,79
Kruse,M. Kruse,28,80,CF,81,78,54,83,79,81,76,69,69,83,75,73,76,81,76,79,69,78,71,78,63,39,83,80,84,73,35,38,34,12,7,5,13
Sissoko,M. Sissoko,26,80,RM,76,72,70,79,67,80,75,74,74,79,79,82,76,79,63,85,80,92,86,71,77,76,76,68,68,79,69,72,71,14,8,11,10
Fejsa,L. Fejsa,27,80,CDM,50,51,73,75,56,69,43,57,73,73,50,53,56,74,56,72,73,85,83,65,90,87,59,62,56,67,78,83,75,14,12,13,11
Chedjou,A. Chedjou,31,80,CB,64,58,82,75,59,68,51,58,75,69,72,74,66,74,58,70,90,76,88,59,79,76,54,66,57,70,75,80,74,6,14,15,13
Pereira,M. Pereira,32,80,RB,78,58,67,76,57,77,66,50,70,76,77,76,76,78,83,73,76,88,68,60,91,79,71,65,63,74,78,82,83,16,8,6,10
Modeste,A. Modeste,28,80,ST,62,82,85,70,75,71,66,56,55,75,73,79,68,78,56,78,80,68,87,69,77,26,83,62,77,70,25,31,19,10,11,11,6
Sidnei,Sidnei,27,80,CB,56,46,77,72,43,69,36,39,68,78,51,59,51,75,46,61,63,71,88,50,77,81,44,44,58,71,79,85,78,10,16,12,9
Dzeko,E. Dzeko,30,80,ST,63,81,80,72,74,74,65,54,59,78,68,65,58,78,42,86,66,72,80,69,51,50,84,70,70,76,11,28,16,9,11,13,15
Rhodolfo,Rhodolfo,29,80,CB,47,48,80,68,53,56,45,57,65,64,48,53,33,77,32,65,38,75,88,56,81,80,47,44,51,73,82,83,81,15,10,8,8
Hernanes,Hernanes,31,80,CM,80,57,60,85,80,84,84,85,81,87,68,60,74,74,78,88,61,67,71,86,54,70,60,86,80,78,50,50,46,4,5,4,6
Pato,Alexandre Pato,26,80,ST,68,79,73,75,75,81,81,63,53,80,87,85,81,80,69,77,81,60,72,75,63,29,79,66,77,76,16,23,19,16,7,13,15
Ivanovic,B. Ivanovic,32,80,RB,72,57,87,68,48,58,70,48,56,66,63,66,57,85,47,73,83,78,85,62,90,83,61,57,58,71,87,86,83,15,9,13,11
Eder,Eder,29,80,ST,72,81,60,76,76,83,80,78,58,85,86,84,82,78,80,80,54,76,60,78,60,24,85,78,78,78,18,20,26,8,12,11,10
Adan,Adan,29,80,GK,12,11,23,34,15,12,11,12,43,15,55,55,55,71,51,25,71,35,77,12,41,20,11,35,25,57,11,14,18,77,85,78,80
Tasci,S. Tasci,29,80,CB,50,33,82,76,50,63,37,45,78,74,67,66,59,78,58,64,81,55,78,34,75,79,39,57,42,70,80,82,81,14,10,16,14
Diaz,M. Diaz,29,80,CM,74,52,63,84,66,72,83,82,81,80,65,58,80,79,94,84,74,86,66,80,78,80,66,76,66,64,75,79,68,2,2,2,2
Berg,M. Berg,29,80,ST,56,82,77,72,74,72,66,47,51,77,74,75,71,75,71,79,74,72,76,74,61,28,83,66,70,75,12,33,25,10,7,12,8
Ayew,A. Ayew,26,80,RM,80,75,80,78,65,80,74,57,71,82,78,78,86,75,81,75,92,88,73,75,78,63,75,75,71,75,54,62,75,10,6,12,7
Reid,W. Reid,27,80,CB,28,46,83,63,30,43,33,38,62,57,71,74,57,77,43,72,74,76,81,53,84,80,42,44,55,74,81,83,82,13,15,9,10
Leiva,Lucas Leiva,29,80,CDM,63,23,65,77,47,69,66,47,73,74,55,53,70,78,73,71,82,77,76,35,83,84,49,69,61,78,80,81,80,10,8,8,5
Moreno,H. Moreno,28,80,CB,50,33,77,74,55,56,48,28,68,68,67,67,68,77,62,63,69,72,78,39,78,74,35,59,63,69,82,84,85,12,15,14,9
Ansaldi,C. Ansaldi,29,80,LB,78,57,70,75,51,72,62,45,72,74,79,83,79,81,66,60,70,87,63,66,73,75,65,70,52,81,79,77,83,15,15,11,8
Caston,Caston,29,80,CB,34,21,78,59,22,49,31,24,64,69,68,69,51,75,59,63,81,55,84,36,82,82,22,37,40,72,79,80,80,5,6,4,9
Wass,D. Wass,27,80,CM,78,69,67,82,69,80,79,80,77,81,75,76,79,82,59,86,59,90,68,69,59,74,74,80,64,71,59,67,68,11,9,10,13
Coke,Coke,29,80,RB,81,62,83,76,43,72,70,36,66,79,68,73,65,86,59,70,74,78,69,60,74,77,62,60,74,61,76,82,80,10,9,13,6
Sahin,N. Sahin,27,80,CDM,81,61,61,83,80,80,83,79,84,83,59,50,78,82,73,72,70,65,71,77,67,81,67,82,39,85,67,75,74,13,10,13,12
Gervinho,Gervinho,29,80,LW,75,72,63,71,70,84,69,43,67,79,91,92,88,75,76,69,65,90,55,60,51,39,80,74,63,70,13,29,15,14,5,12,10
Santos,J. dos Santos,26,80,RM,83,62,57,84,73,81,80,76,78,85,72,71,75,79,81,72,69,77,65,74,59,65,80,83,59,65,54,63,55,15,15,7,10
Rose,D. Rose,25,80,LB,79,57,60,74,64,78,63,49,65,75,80,83,73,79,76,71,71,82,72,69,83,77,62,70,57,72,79,83,84,10,11,8,13
Valencia,A. Valencia,30,80,RB,83,58,63,75,69,79,69,66,69,79,85,84,74,83,84,85,68,85,84,62,84,77,75,67,55,81,76,79,77,16,11,10,7
Basta,D. Basta,31,80,RB,78,58,72,76,64,76,72,66,74,78,79,82,70,78,68,80,70,82,76,76,76,82,66,56,55,78,78,82,80,12,6,11,14
Cabral,G. Cabral,30,80,CB,35,22,81,74,28,49,33,48,59,61,52,51,59,76,63,50,86,74,78,29,84,80,40,49,47,59,82,79,84,11,7,11,7
Fabianski,L. Fabianski,31,80,GK,14,13,11,20,17,14,18,12,32,22,50,47,52,71,44,14,68,25,65,20,43,16,15,52,22,63,11,12,13,77,84,73,78
Pelle,G. Pelle,30,80,ST,44,81,91,68,79,64,56,40,64,76,54,55,64,83,34,81,72,76,91,69,73,25,83,69,76,78,19,33,33,15,12,14,13
Foster,B. Foster,33,80,GK,15,18,14,36,14,14,15,17,32,25,50,48,45,72,50,27,75,32,57,14,15,23,14,42,41,67,15,15,14,79,79,73,77
Debuchy,M. Debuchy,30,80,RB,79,59,75,77,62,72,74,61,73,74,76,72,77,72,74,74,81,87,71,68,80,75,64,64,66,76,80,81,80,8,9,7,15
Dante,Dante,32,80,CB,61,48,83,74,44,60,51,60,75,72,53,55,54,77,64,67,65,63,82,54,73,79,41,62,57,77,77,81,85,14,8,10,6
Granqvist,A. Granqvist,31,80,CB,49,51,81,73,37,49,36,40,67,63,46,49,55,76,36,74,64,67,83,59,81,82,54,49,79,78,83,83,79,7,9,12,10
Herrera,H. Herrera,26,80,CM,66,66,60,76,60,75,67,63,74,76,74,77,66,79,70,82,66,92,75,80,81,82,81,74,59,73,76,78,67,6,10,15,7
Bradley,M. Bradley,28,80,CDM,71,62,68,82,71,79,72,71,84,79,69,69,76,79,77,79,66,93,80,72,81,75,72,78,71,78,72,73,72,7,14,16,16
Clichy,G. Clichy,30,80,LB,79,34,70,64,59,71,64,38,69,76,80,85,77,72,75,52,70,82,66,43,55,77,66,59,45,73,80,81,85,10,11,9,11
Podolski,L. Podolski,31,80,RM,77,85,65,77,91,78,80,75,64,79,83,81,69,76,72,93,65,66,77,83,66,36,83,75,83,80,33,39,39,10,9,16,9
Akinfeev,I. Akinfeev,30,80,GK,19,13,18,23,10,15,19,13,22,22,51,50,53,72,45,24,62,35,72,13,24,12,11,62,10,68,17,13,13,79,73,78,82
Soldado,Soldado,31,80,ST,74,79,78,78,82,74,75,65,58,80,62,65,68,78,63,83,76,58,70,74,73,41,83,78,80,79,33,41,38,13,13,14,9
Navas,Jesus Navas,30,80,RM,79,66,47,77,79,83,80,46,74,81,89,88,87,77,87,75,62,79,34,74,50,33,74,76,56,70,27,20,26,10,10,15,7
Negredo,Negredo,30,80,ST,53,80,82,75,81,72,68,69,66,79,65,66,68,76,55,84,76,61,87,77,78,32,79,64,80,67,36,34,32,11,6,11,7
Demirel,V. Demirel,34,80,GK,18,14,18,38,13,25,11,15,42,28,43,42,54,74,35,25,76,42,82,12,41,19,12,52,24,54,16,14,17,82,78,76,77
Sosa,J. Sosa,31,80,CAM,82,72,50,80,77,80,86,85,80,82,77,77,78,75,77,79,52,82,69,73,69,61,76,83,75,78,55,65,62,11,15,13,6
Gomez,A. Gomez,28,80,LW,79,69,36,76,72,85,76,69,66,85,92,86,92,76,94,69,70,78,48,76,56,40,76,76,65,72,24,30,34,8,11,12,9
Pyatov,A. Pyatov,32,80,GK,13,9,10,29,12,12,14,16,24,12,44,44,58,78,32,19,73,37,76,12,35,23,14,63,15,52,12,9,10,79,74,83,81
Ochoa,G. Ochoa,30,80,GK,16,12,12,27,15,10,14,17,32,18,87,50,65,78,61,25,79,34,56,10,19,23,16,48,16,57,11,12,12,79,69,77,79
Huth,R. Huth,31,80,CB,31,46,83,61,56,31,30,61,68,53,32,53,26,76,42,75,51,76,93,54,91,80,34,32,54,56,81,83,77,9,16,10,15
Vorm,M. Vorm,32,80,GK,13,14,17,39,12,18,12,14,35,35,57,59,67,82,53,23,79,43,63,19,23,28,10,32,41,66,15,11,14,79,76,76,77
Baier,D. Baier,32,80,CDM,73,52,52,82,58,76,62,70,82,78,66,58,77,81,77,68,78,81,67,67,68,84,58,80,62,84,73,79,74,7,9,7,9
Hutchinson,A. Hutchinson,33,80,CDM,70,63,75,85,63,74,67,64,76,80,68,75,69,83,62,73,60,91,78,61,69,80,64,63,76,82,75,80,73,8,12,9,6
Topal,M. Topal,30,80,CDM,56,58,76,75,54,69,60,54,74,72,64,65,66,79,62,84,80,90,82,73,78,83,56,58,68,75,80,85,79,15,10,15,9
Inan,S. Inan,31,80,CM,80,71,65,82,71,77,84,85,83,82,63,60,70,79,67,82,62,76,68,80,75,82,71,80,88,75,67,70,68,9,7,8,11
Kameni,C. Kameni,32,80,GK,12,11,13,27,13,15,11,12,29,14,44,45,65,71,57,22,76,40,79,12,34,24,14,40,24,57,13,11,12,82,82,74,76
Defoe,J. Defoe,33,80,ST,54,84,68,68,81,78,63,68,43,77,78,77,83,77,88,88,74,73,62,81,63,19,85,67,68,84,24,20,11,7,14,8,10
Sorrentino,S. Sorrentino,37,80,GK,11,10,10,36,18,12,14,11,34,20,33,41,52,71,48,21,74,28,74,13,22,25,10,34,20,66,11,10,13,80,82,65,83
Barry,G. Barry,35,80,CDM,80,56,74,83,65,64,78,78,81,73,32,34,52,78,63,77,70,79,77,71,80,82,58,74,72,81,79,80,80,7,13,9,7
Totti,F. Totti,39,80,CF,83,81,42,90,90,82,75,84,85,91,43,34,59,79,60,88,34,54,75,86,69,24,80,91,86,85,14,24,10,5,12,14,11
Keane,R. Keane,35,80,ST,68,84,63,81,84,82,82,63,63,84,69,68,77,83,83,81,62,72,68,80,67,34,85,82,75,86,28,26,17,11,9,13,14
